devices,rate,seed,policy,scenario,generated,sent,delivered,delivery_ratio,mean_aoi,p95_aoi,stale_fraction,mae,mean_latency,max_queue,coalesced,expired,overflow,rejections,regressions,recovery_seconds,remaining,wall_seconds,cpu_seconds
4,2,0,no_buffer,healthy,481,481,480,0.997920997920998,0.27262088711143495,0.5,0.0,0.05164628615975813,0.022583493706526552,1,0,0,0,0,0,,1,0.1032885000022361,0.109375
4,2,0,fifo,healthy,481,481,480,0.997920997920998,0.27262088711143495,0.5,0.0,0.05164628615975813,0.022583493706526552,1,0,0,0,0,0,,1,0.10140519999549724,0.09375
4,2,0,ttl,healthy,481,481,480,0.997920997920998,0.27262088711143495,0.5,0.0,0.05164628615975813,0.022583493706526552,1,0,0,0,0,0,,1,0.10113990001264028,0.109375
4,2,0,latest,healthy,481,481,480,0.997920997920998,0.27262088711143495,0.5,0.0,0.05164628615975813,0.022583493706526552,1,0,0,0,0,0,,1,0.10583790000237059,0.09375
4,2,0,latest_no_guard,healthy,481,481,480,0.997920997920998,0.27262088711143495,0.5,0.0,0.05164628615975813,0.022583493706526552,1,0,0,0,0,0,,1,0.1044597000000067,0.09375
4,2,1,no_buffer,healthy,481,481,480,0.997920997920998,0.2724618251227056,0.49500000000000455,0.0,0.051620863736653984,0.02230636755796338,1,0,0,0,0,0,,1,0.0899790999974357,0.078125
4,2,1,fifo,healthy,481,481,480,0.997920997920998,0.2724618251227056,0.49500000000000455,0.0,0.051620863736653984,0.02230636755796338,1,0,0,0,0,0,,1,0.09298459999263287,0.09375
4,2,1,ttl,healthy,481,481,480,0.997920997920998,0.2724618251227056,0.49500000000000455,0.0,0.051620863736653984,0.02230636755796338,1,0,0,0,0,0,,1,0.08958580000034999,0.078125
4,2,1,latest,healthy,481,481,480,0.997920997920998,0.2724618251227056,0.49500000000000455,0.0,0.051620863736653984,0.02230636755796338,1,0,0,0,0,0,,1,0.08843589999014512,0.078125
4,2,1,latest_no_guard,healthy,481,481,480,0.997920997920998,0.2724618251227056,0.49500000000000455,0.0,0.051620863736653984,0.02230636755796338,1,0,0,0,0,0,,1,0.09473880000587087,0.078125
4,2,2,no_buffer,healthy,481,481,480,0.997920997920998,0.27257544082894086,0.5,0.0,0.05164574660465741,0.022796148031382062,1,0,0,0,0,0,,1,0.09381479999865405,0.078125
4,2,2,fifo,healthy,481,481,480,0.997920997920998,0.27257544082894086,0.5,0.0,0.05164574660465741,0.022796148031382062,1,0,0,0,0,0,,1,0.08856030000606552,0.09375
4,2,2,ttl,healthy,481,481,480,0.997920997920998,0.27257544082894086,0.5,0.0,0.05164574660465741,0.022796148031382062,1,0,0,0,0,0,,1,0.08839970000553876,0.078125
4,2,2,latest,healthy,481,481,480,0.997920997920998,0.27257544082894086,0.5,0.0,0.05164574660465741,0.022796148031382062,1,0,0,0,0,0,,1,0.09462840000924189,0.078125
4,2,2,latest_no_guard,healthy,481,481,480,0.997920997920998,0.27257544082894086,0.5,0.0,0.05164574660465741,0.022796148031382062,1,0,0,0,0,0,,1,0.0908315999986371,0.078125
4,2,3,no_buffer,healthy,481,481,480,0.997920997920998,0.2722345937102352,0.49500000000000455,0.0,0.05155915685539913,0.022139145917664946,1,0,0,0,0,0,,1,0.09122780000325292,0.078125
4,2,3,fifo,healthy,481,481,480,0.997920997920998,0.2722345937102352,0.49500000000000455,0.0,0.05155915685539913,0.022139145917664946,1,0,0,0,0,0,,1,0.09497160000319127,0.078125
4,2,3,ttl,healthy,481,481,480,0.997920997920998,0.2722345937102352,0.49500000000000455,0.0,0.05155915685539913,0.022139145917664946,1,0,0,0,0,0,,1,0.09033259999705479,0.078125
4,2,3,latest,healthy,481,481,480,0.997920997920998,0.2722345937102352,0.49500000000000455,0.0,0.05155915685539913,0.022139145917664946,1,0,0,0,0,0,,1,0.09282559998973738,0.09375
4,2,3,latest_no_guard,healthy,481,481,480,0.997920997920998,0.2722345937102352,0.49500000000000455,0.0,0.05155915685539913,0.022139145917664946,1,0,0,0,0,0,,1,0.09164749999763444,0.09375
4,2,4,no_buffer,healthy,481,481,480,0.997920997920998,0.2727799491001643,0.5,0.0,0.051676580706042384,0.02278474923003865,1,0,0,0,0,0,,1,0.09324190000188537,0.078125
4,2,4,fifo,healthy,481,481,480,0.997920997920998,0.2727799491001643,0.5,0.0,0.051676580706042384,0.02278474923003865,1,0,0,0,0,0,,1,0.09227500000270084,0.09375
4,2,4,ttl,healthy,481,481,480,0.997920997920998,0.2727799491001643,0.5,0.0,0.051676580706042384,0.02278474923003865,1,0,0,0,0,0,,1,0.09270680000190623,0.09375
4,2,4,latest,healthy,481,481,480,0.997920997920998,0.2727799491001643,0.5,0.0,0.051676580706042384,0.02278474923003865,1,0,0,0,0,0,,1,0.08752839999215212,0.09375
4,2,4,latest_no_guard,healthy,481,481,480,0.997920997920998,0.2727799491001643,0.5,0.0,0.051676580706042384,0.02278474923003865,1,0,0,0,0,0,,1,0.09202120000554714,0.09375
4,2,5,no_buffer,healthy,481,481,480,0.997920997920998,0.27237093255771744,0.49500000000000455,0.0,0.05157296034031614,0.022478889117198905,1,0,0,0,0,0,,1,0.09153140000125859,0.09375
4,2,5,fifo,healthy,481,481,480,0.997920997920998,0.27237093255771744,0.49500000000000455,0.0,0.05157296034031614,0.022478889117198905,1,0,0,0,0,0,,1,0.09268370000063442,0.09375
4,2,5,ttl,healthy,481,481,480,0.997920997920998,0.27237093255771744,0.49500000000000455,0.0,0.05157296034031614,0.022478889117198905,1,0,0,0,0,0,,1,0.0891027000034228,0.09375
4,2,5,latest,healthy,481,481,480,0.997920997920998,0.27237093255771744,0.49500000000000455,0.0,0.05157296034031614,0.022478889117198905,1,0,0,0,0,0,,1,0.08927240000048187,0.078125
4,2,5,latest_no_guard,healthy,481,481,480,0.997920997920998,0.27237093255771744,0.49500000000000455,0.0,0.05157296034031614,0.022478889117198905,1,0,0,0,0,0,,1,0.08867810000083409,0.09375
4,2,6,no_buffer,healthy,481,481,480,0.997920997920998,0.2723482094164704,0.49500000000000455,0.0,0.0516192250620569,0.022465862441289893,1,0,0,0,0,0,,1,0.08889199999975972,0.078125
4,2,6,fifo,healthy,481,481,480,0.997920997920998,0.2723482094164704,0.49500000000000455,0.0,0.0516192250620569,0.022465862441289893,1,0,0,0,0,0,,1,0.10096860000339802,0.078125
4,2,6,ttl,healthy,481,481,480,0.997920997920998,0.2723482094164704,0.49500000000000455,0.0,0.0516192250620569,0.022465862441289893,1,0,0,0,0,0,,1,0.10114719999546651,0.09375
4,2,6,latest,healthy,481,481,480,0.997920997920998,0.2723482094164704,0.49500000000000455,0.0,0.0516192250620569,0.022465862441289893,1,0,0,0,0,0,,1,0.09320259999367408,0.09375
4,2,6,latest_no_guard,healthy,481,481,480,0.997920997920998,0.2723482094164704,0.49500000000000455,0.0,0.0516192250620569,0.022465862441289893,1,0,0,0,0,0,,1,0.09332890000951011,0.0625
4,2,7,no_buffer,healthy,481,481,480,0.997920997920998,0.27262088711143495,0.5,0.0,0.05163858863126374,0.022558723451565867,1,0,0,0,0,0,,1,0.08909599999606144,0.09375
4,2,7,fifo,healthy,481,481,480,0.997920997920998,0.27262088711143495,0.5,0.0,0.05163858863126374,0.022558723451565867,1,0,0,0,0,0,,1,0.09048640000401065,0.078125
4,2,7,ttl,healthy,481,481,480,0.997920997920998,0.27262088711143495,0.5,0.0,0.05163858863126374,0.022558723451565867,1,0,0,0,0,0,,1,0.0857739000057336,0.078125
4,2,7,latest,healthy,481,481,480,0.997920997920998,0.27262088711143495,0.5,0.0,0.05163858863126374,0.022558723451565867,1,0,0,0,0,0,,1,0.09067119999963325,0.09375
4,2,7,latest_no_guard,healthy,481,481,480,0.997920997920998,0.27262088711143495,0.5,0.0,0.05163858863126374,0.022558723451565867,1,0,0,0,0,0,,1,0.09120170000824146,0.078125
4,2,8,no_buffer,healthy,481,481,480,0.997920997920998,0.2728481185239054,0.5,0.0,0.05169058863371715,0.022703249869249733,1,0,0,0,0,0,,1,0.08909580000909045,0.09375
4,2,8,fifo,healthy,481,481,480,0.997920997920998,0.2728481185239054,0.5,0.0,0.05169058863371715,0.022703249869249733,1,0,0,0,0,0,,1,0.08713119999447372,0.046875
4,2,8,ttl,healthy,481,481,480,0.997920997920998,0.2728481185239054,0.5,0.0,0.05169058863371715,0.022703249869249733,1,0,0,0,0,0,,1,0.08726270000624936,0.09375
4,2,8,latest,healthy,481,481,480,0.997920997920998,0.2728481185239054,0.5,0.0,0.05169058863371715,0.022703249869249733,1,0,0,0,0,0,,1,0.08838479999394622,0.078125
4,2,8,latest_no_guard,healthy,481,481,480,0.997920997920998,0.2728481185239054,0.5,0.0,0.05169058863371715,0.022703249869249733,1,0,0,0,0,0,,1,0.08865799999330193,0.09375
4,2,9,no_buffer,healthy,481,481,480,0.997920997920998,0.27259816397018793,0.5,0.0,0.05160097082893989,0.02235655076679254,1,0,0,0,0,0,,1,0.08668300000135787,0.078125
4,2,9,fifo,healthy,481,481,480,0.997920997920998,0.27259816397018793,0.5,0.0,0.05160097082893989,0.02235655076679254,1,0,0,0,0,0,,1,0.08726200000091922,0.09375
4,2,9,ttl,healthy,481,481,480,0.997920997920998,0.27259816397018793,0.5,0.0,0.05160097082893989,0.02235655076679254,1,0,0,0,0,0,,1,0.09196109999902546,0.09375
4,2,9,latest,healthy,481,481,480,0.997920997920998,0.27259816397018793,0.5,0.0,0.05160097082893989,0.02235655076679254,1,0,0,0,0,0,,1,0.0905518000072334,0.078125
4,2,9,latest_no_guard,healthy,481,481,480,0.997920997920998,0.27259816397018793,0.5,0.0,0.05160097082893989,0.02235655076679254,1,0,0,0,0,0,,1,0.09510450001107529,0.078125
4,2,0,no_buffer,degraded,481,480,479,0.9958419958419958,0.3534925468096716,0.6000000000000014,0.0,0.06689201665529514,0.10319809064931186,1,0,0,0,0,0,,1,0.10269369999878109,0.09375
4,2,0,fifo,degraded,481,481,480,0.997920997920998,0.3534925468096716,0.6000000000000014,0.0,0.06689201665529514,0.10335577039859456,1,0,0,0,0,0,,1,0.10555360000580549,0.09375
4,2,0,ttl,degraded,481,481,480,0.997920997920998,0.3534925468096716,0.6000000000000014,0.0,0.06689201665529514,0.10335577039859456,1,0,0,0,0,0,,1,0.10108480000053532,0.109375
4,2,0,latest,degraded,481,481,480,0.997920997920998,0.3534925468096716,0.6000000000000014,0.0,0.06689201665529514,0.10335577039859456,1,0,0,0,0,0,,1,0.10093079999205656,0.09375
4,2,0,latest_no_guard,degraded,481,481,480,0.997920997920998,0.3534925468096716,0.6000000000000014,0.0,0.06689201665529514,0.10335577039859456,1,0,0,0,0,0,,1,0.10649839999678079,0.078125
4,2,1,no_buffer,degraded,481,480,479,0.9958419958419958,0.35278812943101323,0.6000000000000014,0.0,0.06678741414579713,0.10053210632646319,1,0,0,0,0,0,,1,0.08829359999799635,0.09375
4,2,1,fifo,degraded,481,481,480,0.997920997920998,0.35278812943101323,0.6000000000000014,0.0,0.06678741414579713,0.10058450891296351,1,0,0,0,0,0,,1,0.09062979998998344,0.078125
4,2,1,ttl,degraded,481,481,480,0.997920997920998,0.35278812943101323,0.6000000000000014,0.0,0.06678741414579713,0.10058450891296351,1,0,0,0,0,0,,1,0.09822230000281706,0.078125
4,2,1,latest,degraded,481,481,480,0.997920997920998,0.35278812943101323,0.6000000000000014,0.0,0.06678741414579713,0.10058450891296351,1,0,0,0,0,0,,1,0.08882600000652019,0.078125
4,2,1,latest_no_guard,degraded,481,481,480,0.997920997920998,0.35278812943101323,0.6000000000000014,0.0,0.06678741414579713,0.10058450891296351,1,0,0,0,0,0,,1,0.08833739999681711,0.09375
4,2,2,no_buffer,degraded,481,480,478,0.9937629937629938,0.3554467369569176,0.605000000000004,0.0,0.06735639541222507,0.1053513100109572,1,0,0,0,0,0,,2,0.09322009999596048,0.078125
4,2,2,fifo,degraded,481,481,479,0.9958419958419958,0.3554467369569176,0.605000000000004,0.0,0.06735639541222507,0.10536651890716871,1,0,0,0,0,0,,2,0.08637770000495948,0.078125
4,2,2,ttl,degraded,481,481,479,0.9958419958419958,0.3554467369569176,0.605000000000004,0.0,0.06735639541222507,0.10536651890716871,1,0,0,0,0,0,,2,0.08843099999648985,0.09375
4,2,2,latest,degraded,481,481,479,0.9958419958419958,0.3554467369569176,0.605000000000004,0.0,0.06735639541222507,0.10536651890716871,1,0,0,0,0,0,,2,0.09311629999137949,0.09375
4,2,2,latest_no_guard,degraded,481,481,479,0.9958419958419958,0.3554467369569176,0.605000000000004,0.0,0.06735639541222507,0.10536651890716871,1,0,0,0,0,0,,2,0.09487320001062471,0.09375
4,2,3,no_buffer,degraded,481,480,479,0.9958419958419958,0.35087938556626136,0.6000000000000014,0.0,0.06642351694094029,0.09907629350167917,1,0,0,0,0,0,,1,0.09265230000892188,0.09375
4,2,3,fifo,degraded,481,481,480,0.997920997920998,0.35087938556626136,0.6000000000000014,0.0,0.06642351694094029,0.09891229250997909,1,0,0,0,0,0,,1,0.08667289999721106,0.09375
4,2,3,ttl,degraded,481,481,480,0.997920997920998,0.35087938556626136,0.6000000000000014,0.0,0.06642351694094029,0.09891229250997909,1,0,0,0,0,0,,1,0.08787819999270141,0.078125
4,2,3,latest,degraded,481,481,480,0.997920997920998,0.35087938556626136,0.6000000000000014,0.0,0.06642351694094029,0.09891229250997909,1,0,0,0,0,0,,1,0.09092010000313167,0.09375
4,2,3,latest_no_guard,degraded,481,481,480,0.997920997920998,0.35087938556626136,0.6000000000000014,0.0,0.06642351694094029,0.09891229250997909,1,0,0,0,0,0,,1,0.0924617999990005,0.09375
4,2,4,no_buffer,degraded,481,480,479,0.9958419958419958,0.3563329394655524,0.605000000000004,0.0,0.06718705235475357,0.10535413892081785,1,0,0,0,0,0,,1,0.09001870000793133,0.09375
4,2,4,fifo,degraded,481,481,480,0.997920997920998,0.3563329394655524,0.605000000000004,0.0,0.06718705235475357,0.1053683256337143,1,0,0,0,0,0,,1,0.09559420000005048,0.09375
4,2,4,ttl,degraded,481,481,480,0.997920997920998,0.3563329394655524,0.605000000000004,0.0,0.06718705235475357,0.1053683256337143,1,0,0,0,0,0,,1,0.08979620000172872,0.078125
4,2,4,latest,degraded,481,481,480,0.997920997920998,0.3563329394655524,0.605000000000004,0.0,0.06718705235475357,0.1053683256337143,1,0,0,0,0,0,,1,0.09141589999489952,0.09375
4,2,4,latest_no_guard,degraded,481,481,480,0.997920997920998,0.3563329394655524,0.605000000000004,0.0,0.06718705235475357,0.1053683256337143,1,0,0,0,0,0,,1,0.09069979999912903,0.09375
4,2,5,no_buffer,degraded,481,480,478,0.9937629937629938,0.35251545173604865,0.6000000000000014,0.0,0.06665492023594669,0.10196217290998061,1,0,0,0,0,0,,2,0.09360950000700541,0.09375
4,2,5,fifo,degraded,481,481,479,0.9958419958419958,0.35251545173604865,0.6000000000000014,0.0,0.06665492023594669,0.10212596666441923,1,0,0,0,0,0,,2,0.08839860001171473,0.078125
4,2,5,ttl,degraded,481,481,479,0.9958419958419958,0.35251545173604865,0.6000000000000014,0.0,0.06665492023594669,0.10212596666441923,1,0,0,0,0,0,,2,0.09064070000022184,0.09375
4,2,5,latest,degraded,481,481,479,0.9958419958419958,0.35251545173604865,0.6000000000000014,0.0,0.06665492023594669,0.10212596666441923,1,0,0,0,0,0,,2,0.08948870000313036,0.078125
4,2,5,latest_no_guard,degraded,481,481,479,0.9958419958419958,0.35251545173604865,0.6000000000000014,0.0,0.06665492023594669,0.10212596666441923,1,0,0,0,0,0,,2,0.09413610000046901,0.09375
4,2,6,no_buffer,degraded,481,480,479,0.9958419958419958,0.35299263770223666,0.6000000000000014,0.0,0.06730230508189962,0.10226547140200372,1,0,0,0,0,0,,1,0.08521400000608992,0.078125
4,2,6,fifo,degraded,481,481,480,0.997920997920998,0.35299263770223666,0.6000000000000014,0.0,0.06730230508189962,0.1021794577462283,1,0,0,0,0,0,,1,0.08742649998748675,0.078125
4,2,6,ttl,degraded,481,481,480,0.997920997920998,0.35299263770223666,0.6000000000000014,0.0,0.06730230508189962,0.1021794577462283,1,0,0,0,0,0,,1,0.09550980001222342,0.09375
4,2,6,latest,degraded,481,481,480,0.997920997920998,0.35299263770223666,0.6000000000000014,0.0,0.06730230508189962,0.1021794577462283,1,0,0,0,0,0,,1,0.08817030000500381,0.078125
4,2,6,latest_no_guard,degraded,481,481,480,0.997920997920998,0.35299263770223666,0.6000000000000014,0.0,0.06730230508189962,0.1021794577462283,1,0,0,0,0,0,,1,0.08770969999022782,0.078125
4,2,7,no_buffer,degraded,481,480,478,0.9937629937629938,0.3528335757135073,0.6000000000000014,0.0,0.06664310638933493,0.1027964967101813,1,0,0,0,0,0,,2,0.0893216999975266,0.09375
4,2,7,fifo,degraded,481,481,479,0.9958419958419958,0.3528335757135073,0.6000000000000014,0.0,0.06664310638933493,0.10293854934533803,1,0,0,0,0,0,,2,0.0889850999956252,0.078125
4,2,7,ttl,degraded,481,481,479,0.9958419958419958,0.3528335757135073,0.6000000000000014,0.0,0.06664310638933493,0.10293854934533803,1,0,0,0,0,0,,2,0.08949500000744592,0.09375
4,2,7,latest,degraded,481,481,479,0.9958419958419958,0.3528335757135073,0.6000000000000014,0.0,0.06664310638933493,0.10293854934533803,1,0,0,0,0,0,,2,0.0903377999929944,0.078125
4,2,7,latest_no_guard,degraded,481,481,479,0.9958419958419958,0.3528335757135073,0.6000000000000014,0.0,0.06664310638933493,0.10293854934533803,1,0,0,0,0,0,,2,0.08845759999530856,0.09375
4,2,8,no_buffer,degraded,481,480,478,0.9937629937629938,0.35462870387202394,0.605000000000004,0.0,0.06713647101744005,0.1041386450372087,1,0,0,0,0,0,,2,0.08813540000119247,0.09375
4,2,8,fifo,degraded,481,481,479,0.9958419958419958,0.35462870387202394,0.605000000000004,0.0,0.06713647101744005,0.10435731651263506,1,0,0,0,0,0,,2,0.08618260000366718,0.078125
4,2,8,ttl,degraded,481,481,479,0.9958419958419958,0.35462870387202394,0.605000000000004,0.0,0.06713647101744005,0.10435731651263506,1,0,0,0,0,0,,2,0.08818809999502264,0.078125
4,2,8,latest,degraded,481,481,479,0.9958419958419958,0.35462870387202394,0.605000000000004,0.0,0.06713647101744005,0.10435731651263506,1,0,0,0,0,0,,2,0.08899899999960326,0.078125
4,2,8,latest_no_guard,degraded,481,481,479,0.9958419958419958,0.35462870387202394,0.605000000000004,0.0,0.06713647101744005,0.10435731651263506,1,0,0,0,0,0,,2,0.0883177999930922,0.078125
4,2,9,no_buffer,degraded,481,480,479,0.9958419958419958,0.3513338483912023,0.6000000000000014,0.0,0.06626897720958431,0.10117200087553582,1,0,0,0,0,0,,1,0.0896980999968946,0.078125
4,2,9,fifo,degraded,481,481,480,0.997920997920998,0.3513338483912023,0.6000000000000014,0.0,0.06626897720958431,0.1010863410012535,1,0,0,0,0,0,,1,0.08894649999274407,0.09375
4,2,9,ttl,degraded,481,481,480,0.997920997920998,0.3513338483912023,0.6000000000000014,0.0,0.06626897720958431,0.1010863410012535,1,0,0,0,0,0,,1,0.11069909999787342,0.109375
4,2,9,latest,degraded,481,481,480,0.997920997920998,0.3513338483912023,0.6000000000000014,0.0,0.06626897720958431,0.1010863410012535,1,0,0,0,0,0,,1,0.10528360000171233,0.109375
4,2,9,latest_no_guard,degraded,481,481,480,0.997920997920998,0.3513338483912023,0.6000000000000014,0.0,0.06626897720958431,0.1010863410012535,1,0,0,0,0,0,,1,0.09053689999564085,0.078125
4,2,0,no_buffer,overloaded,481,480,479,0.9958419958419958,0.4548377567714968,0.7599999999999998,0.0,0.08600578469829057,0.20389096209194252,1,0,0,0,0,0,,1,0.11539419999462552,0.109375
4,2,0,fifo,overloaded,481,481,480,0.997920997920998,0.4548377567714968,0.7599999999999998,0.0,0.08600578469829057,0.2042532074638552,1,0,0,0,0,0,,1,0.12043959999573417,0.109375
4,2,0,ttl,overloaded,481,481,480,0.997920997920998,0.4548377567714968,0.7599999999999998,0.0,0.08600578469829057,0.2042532074638552,1,0,0,0,0,0,,1,0.10365430000820197,0.109375
4,2,0,latest,overloaded,481,481,480,0.997920997920998,0.4548377567714968,0.7599999999999998,0.0,0.08600578469829057,0.2042532074638552,1,0,0,0,0,0,,1,0.10244560000137426,0.109375
4,2,0,latest_no_guard,overloaded,481,481,480,0.997920997920998,0.4548377567714968,0.7599999999999998,0.0,0.08600578469829057,0.2042532074638552,1,0,0,0,0,0,,1,0.10521579999476671,0.09375
4,2,1,no_buffer,overloaded,481,480,479,0.9958419958419958,0.4532244137429565,0.7599999999999998,0.0,0.08570934483889216,0.1985589934462454,1,0,0,0,0,0,,1,0.0921812000015052,0.09375
4,2,1,fifo,overloaded,481,481,480,0.997920997920998,0.4532244137429565,0.7599999999999998,0.0,0.08570934483889216,0.19871068449259333,1,0,0,0,0,0,,1,0.09614589999546297,0.09375
4,2,1,ttl,overloaded,481,481,480,0.997920997920998,0.4532244137429565,0.7599999999999998,0.0,0.08570934483889216,0.19871068449259333,1,0,0,0,0,0,,1,0.08952449999924283,0.078125
4,2,1,latest,overloaded,481,481,480,0.997920997920998,0.4532244137429565,0.7599999999999998,0.0,0.08570934483889216,0.19871068449259333,1,0,0,0,0,0,,1,0.09086509999178816,0.09375
4,2,1,latest_no_guard,overloaded,481,481,480,0.997920997920998,0.4532244137429565,0.7599999999999998,0.0,0.08570934483889216,0.19871068449259333,1,0,0,0,0,0,,1,0.09090809999906924,0.09375
4,2,2,no_buffer,overloaded,481,480,478,0.9937629937629938,0.4580644428285773,0.7650000000000006,0.0,0.08682224244171893,0.20820262002191392,1,0,0,0,0,0,,2,0.09249959999579005,0.09375
4,2,2,fifo,overloaded,481,481,479,0.9958419958419958,0.4580644428285773,0.7650000000000006,0.0,0.08682224244171893,0.20828001067446222,1,0,0,0,0,0,,2,0.08678539999527857,0.09375
4,2,2,ttl,overloaded,481,481,479,0.9958419958419958,0.4580644428285773,0.7650000000000006,0.0,0.08682224244171893,0.20828001067446222,1,0,0,0,0,0,,2,0.09224040000117384,0.09375
4,2,2,latest,overloaded,481,481,479,0.9958419958419958,0.4580644428285773,0.7650000000000006,0.0,0.08682224244171893,0.20828001067446222,1,0,0,0,0,0,,2,0.08963240000593942,0.0625
4,2,2,latest_no_guard,overloaded,481,481,479,0.9958419958419958,0.4580644428285773,0.7650000000000006,0.0,0.08682224244171893,0.20828001067446222,1,0,0,0,0,0,,2,0.09074840000539552,0.078125
4,2,3,no_buffer,overloaded,481,480,478,0.9937629937629938,0.44831621523359455,0.7550000000000026,0.0,0.08481764490792212,0.1954018717871666,1,0,0,0,0,0,,2,0.08821119999629445,0.09375
4,2,3,fifo,overloaded,481,481,479,0.9958419958419958,0.44831621523359455,0.7550000000000026,0.0,0.08481764490792212,0.19512068131364702,1,0,0,0,0,0,,2,0.08927490000496618,0.09375
4,2,3,ttl,overloaded,481,481,479,0.9958419958419958,0.44831621523359455,0.7550000000000026,0.0,0.08481764490792212,0.19512068131364702,1,0,0,0,0,0,,2,0.08696609998878557,0.078125
4,2,3,latest,overloaded,481,481,479,0.9958419958419958,0.44831621523359455,0.7550000000000026,0.0,0.08481764490792212,0.19512068131364702,1,0,0,0,0,0,,2,0.09065500000724569,0.078125
4,2,3,latest_no_guard,overloaded,481,481,479,0.9958419958419958,0.44831621523359455,0.7550000000000026,0.0,0.08481764490792212,0.19512068131364702,1,0,0,0,0,0,,2,0.09150769999541808,0.078125
4,2,4,no_buffer,overloaded,481,480,478,0.9937629937629938,0.4606321577894935,0.7700000000000005,0.0,0.08658651624153994,0.20834957958212452,1,0,0,0,0,0,,2,0.08896400000958238,0.09375
4,2,4,fifo,overloaded,481,481,479,0.9958419958419958,0.4606321577894935,0.7700000000000005,0.0,0.08658651624153994,0.20842469010955691,1,0,0,0,0,0,,2,0.09189870000409428,0.09375
4,2,4,ttl,overloaded,481,481,479,0.9958419958419958,0.4606321577894935,0.7700000000000005,0.0,0.08658651624153994,0.20842469010955691,1,0,0,0,0,0,,2,0.09114669999689795,0.078125
4,2,4,latest,overloaded,481,481,479,0.9958419958419958,0.4606321577894935,0.7700000000000005,0.0,0.08658651624153994,0.20842469010955691,1,0,0,0,0,0,,2,0.09274940000614151,0.09375
4,2,4,latest_no_guard,overloaded,481,481,479,0.9958419958419958,0.4606321577894935,0.7700000000000005,0.0,0.08658651624153994,0.20842469010955691,1,0,0,0,0,0,,2,0.09155970001302194,0.09375
4,2,5,no_buffer,overloaded,481,480,478,0.9937629937629938,0.4521791492455924,0.7599999999999998,0.0,0.08536129156263049,0.201424345819961,1,0,0,0,0,0,,2,0.09618160000536591,0.09375
4,2,5,fifo,overloaded,481,481,479,0.9958419958419958,0.4521791492455924,0.7599999999999998,0.0,0.08536129156263049,0.2017989061889635,1,0,0,0,0,0,,2,0.09019429999170825,0.09375
4,2,5,ttl,overloaded,481,481,479,0.9958419958419958,0.4521791492455924,0.7599999999999998,0.0,0.08536129156263049,0.2017989061889635,1,0,0,0,0,0,,2,0.08857350000471342,0.09375
4,2,5,latest,overloaded,481,481,479,0.9958419958419958,0.4521791492455924,0.7599999999999998,0.0,0.08536129156263049,0.2017989061889635,1,0,0,0,0,0,,2,0.0900954999960959,0.078125
4,2,5,latest_no_guard,overloaded,481,481,479,0.9958419958419958,0.4521791492455924,0.7599999999999998,0.0,0.08536129156263049,0.2017989061889635,1,0,0,0,0,0,,2,0.09043060000112746,0.078125
4,2,6,no_buffer,overloaded,481,480,478,0.9937629937629938,0.4539061079803679,0.7599999999999998,0.0,0.08680180799177671,0.20215858527293143,1,0,0,0,0,0,,2,0.09105229999113362,0.09375
4,2,6,fifo,overloaded,481,481,479,0.9958419958419958,0.4539061079803679,0.7599999999999998,0.0,0.08680180799177671,0.2020329052060978,1,0,0,0,0,0,,2,0.08895920000213664,0.078125
4,2,6,ttl,overloaded,481,481,479,0.9958419958419958,0.4539061079803679,0.7599999999999998,0.0,0.08680180799177671,0.2020329052060978,1,0,0,0,0,0,,2,0.09173190000001341,0.09375
4,2,6,latest,overloaded,481,481,479,0.9958419958419958,0.4539061079803679,0.7599999999999998,0.0,0.08680180799177671,0.2020329052060978,1,0,0,0,0,0,,2,0.0915165999904275,0.09375
4,2,6,latest_no_guard,overloaded,481,481,479,0.9958419958419958,0.4539061079803679,0.7599999999999998,0.0,0.08680180799177671,0.2020329052060978,1,0,0,0,0,0,,2,0.09397790000366513,0.09375
4,2,7,no_buffer,overloaded,481,480,476,0.9896049896049897,0.4527472277767685,0.759999999999998,0.0,0.0853754479955554,0.20246180357725202,1,0,0,0,0,0,,4,0.08926769999379758,0.09375
4,2,7,fifo,overloaded,481,481,477,0.9916839916839917,0.4527472277767685,0.759999999999998,0.0,0.0853754479955554,0.20279559312509954,1,0,0,0,0,0,,4,0.08886730000085663,0.078125
4,2,7,ttl,overloaded,481,481,477,0.9916839916839917,0.4527472277767685,0.759999999999998,0.0,0.0853754479955554,0.20279559312509954,1,0,0,0,0,0,,4,0.09179459999722894,0.078125
4,2,7,latest,overloaded,481,481,477,0.9916839916839917,0.4527472277767685,0.759999999999998,0.0,0.0853754479955554,0.20279559312509954,1,0,0,0,0,0,,4,0.09025159999146126,0.078125
4,2,7,latest_no_guard,overloaded,481,481,477,0.9916839916839917,0.4527472277767685,0.759999999999998,0.0,0.0853754479955554,0.20279559312509954,1,0,0,0,0,0,,4,0.09099459998833481,0.09375
4,2,8,no_buffer,overloaded,481,480,478,0.9937629937629938,0.4567465006362486,0.7699999999999996,0.0,0.086436091127526,0.2057772900744171,1,0,0,0,0,0,,2,0.09491759999946225,0.09375
4,2,8,fifo,overloaded,481,481,479,0.9958419958419958,0.4567465006362486,0.7699999999999996,0.0,0.086436091127526,0.20626160588539513,1,0,0,0,0,0,,2,0.09746990000712685,0.109375
4,2,8,ttl,overloaded,481,481,479,0.9958419958419958,0.4567465006362486,0.7699999999999996,0.0,0.086436091127526,0.20626160588539513,1,0,0,0,0,0,,2,0.09162829999695532,0.09375
4,2,8,latest,overloaded,481,481,479,0.9958419958419958,0.4567465006362486,0.7699999999999996,0.0,0.086436091127526,0.20626160588539513,1,0,0,0,0,0,,2,0.09606009999697562,0.078125
4,2,8,latest_no_guard,overloaded,481,481,479,0.9958419958419958,0.4567465006362486,0.7699999999999996,0.0,0.086436091127526,0.20626160588539513,1,0,0,0,0,0,,2,0.08957100000407081,0.09375
4,2,9,no_buffer,overloaded,481,480,477,0.9916839916839917,0.4499068351208878,0.7600000000000016,0.0,0.08463083193108625,0.19957521108919885,1,0,0,0,0,0,,3,0.09027899999637157,0.078125
4,2,9,fifo,overloaded,481,481,478,0.9937629937629938,0.4499068351208878,0.7600000000000016,0.0,0.08463083193108625,0.19945080797487005,1,0,0,0,0,0,,3,0.09502919999067672,0.109375
4,2,9,ttl,overloaded,481,481,478,0.9937629937629938,0.4499068351208878,0.7600000000000016,0.0,0.08463083193108625,0.19945080797487005,1,0,0,0,0,0,,3,0.09340400001383387,0.078125
4,2,9,latest,overloaded,481,481,478,0.9937629937629938,0.4499068351208878,0.7600000000000016,0.0,0.08463083193108625,0.19945080797487005,1,0,0,0,0,0,,3,0.09199580000131391,0.09375
4,2,9,latest_no_guard,overloaded,481,481,478,0.9937629937629938,0.4499068351208878,0.7600000000000016,0.0,0.08463083193108625,0.19945080797487005,1,0,0,0,0,0,,3,0.09966629999689758,0.078125
4,2,0,no_buffer,outage,481,361,360,0.7484407484407485,2.41550399927286,12.799999999999997,0.26454281039810945,0.29141873044423683,0.05122687022268892,1,0,0,0,0,0,0.46999999999999886,1,0.11686949999420904,0.109375
4,2,0,fifo,outage,481,481,480,0.997920997920998,2.50796446100709,12.765,0.27931285220868934,0.30766015109682004,2.075688301865964,121,0,0,0,30,0,1.1099999999999994,1,0.11293629999272525,0.109375
4,2,0,ttl,outage,481,369,368,0.7650727650727651,2.3623091256135256,12.605000000000004,0.2610434466460643,0.2890674223054045,0.0641211141299935,9,0,112,0,0,0,0.10000000000000142,1,0.10899999999674037,0.109375
4,2,0,latest,outage,481,364,363,0.7546777546777547,2.370512179603709,12.634999999999998,0.26154335575349935,0.28962544930965406,0.053446230896287375,4,117,0,0,0,0,0.10000000000000142,1,0.10479990000021644,0.109375
4,2,0,latest_no_guard,outage,481,364,363,0.7546777546777547,2.370512179603709,12.634999999999998,0.26154335575349935,0.28962544930965406,0.053446230896287375,4,117,0,0,0,0,0.10000000000000142,1,0.10598310000204947,0.109375
4,2,1,no_buffer,outage,481,361,360,0.7484407484407485,2.4178444828213057,12.805,0.26463370296309763,0.29167878342299053,0.05092242421853774,1,0,0,0,0,0,0.480000000000004,1,0.09057770000072196,0.09375
4,2,1,fifo,outage,481,481,480,0.997920997920998,2.5080099072895843,12.805,0.2794946373386657,0.30741480466252047,2.074302671123149,121,0,0,0,29,0,1.1000000000000014,1,0.09122970000316855,0.078125
4,2,1,ttl,outage,481,369,368,0.7650727650727651,2.365104071986912,12.61,0.26149790947100526,0.28953578086917087,0.06378578672839068,9,0,112,0,2,0,0.10999999999999943,1,0.09114010000484996,0.078125
4,2,1,latest,outage,481,364,363,0.7546777546777547,2.362627249590984,12.605000000000004,0.26095255408107615,0.28913909693259604,0.052923927557309854,4,117,0,0,0,0,0.09000000000000341,1,0.09064090000174474,0.078125
4,2,1,latest_no_guard,outage,481,364,363,0.7546777546777547,2.362627249590984,12.605000000000004,0.26095255408107615,0.28913909693259604,0.052923927557309854,4,117,0,0,0,0,0.09000000000000341,1,0.08987440000055358,0.09375
4,2,2,no_buffer,outage,481,361,360,0.7484407484407485,2.413049900018179,12.785000000000004,0.2642246864206508,0.2917454542164834,0.0543416933466869,1,0,0,0,0,0,0.4200000000000017,1,0.09299450000980869,0.09375
4,2,2,fifo,outage,481,481,480,0.997920997920998,2.508759770950737,12.759999999999998,0.27904017451372476,0.3078316875276982,2.076751573490242,121,0,0,0,28,0,1.0900000000000034,1,0.09150169999338686,0.078125
4,2,2,ttl,outage,481,369,368,0.7650727650727651,2.365058625704418,12.605000000000004,0.26099800036357024,0.2898286917181086,0.06713922824281293,9,0,112,0,2,0,0.07000000000000028,1,0.09142529999371618,0.09375
4,2,2,latest,outage,481,364,363,0.7546777546777547,2.370103163061262,12.625,0.261361570623523,0.28989603142728126,0.05647090283346554,4,117,0,0,0,0,0.10999999999999943,1,0.0910777999961283,0.078125
4,2,2,latest_no_guard,outage,481,364,363,0.7546777546777547,2.370103163061262,12.625,0.261361570623523,0.28989603142728126,0.05647090283346554,4,117,0,0,0,0,0.10999999999999943,1,0.08768009999766946,0.078125
4,2,3,no_buffer,outage,481,361,360,0.7484407484407485,2.412027358662062,12.785000000000004,0.26427013270314487,0.2914375846908217,0.05061128531966967,1,0,0,0,0,0,0.39000000000000057,1,0.08989149999979418,0.09375
4,2,3,fifo,outage,481,481,480,0.997920997920998,2.506396564261044,12.79,0.27908562079621885,0.3075119682443919,2.0734665629216567,121,0,0,0,36,0,1.0799999999999983,1,0.0980478999990737,0.078125
4,2,3,ttl,outage,481,369,368,0.7650727650727651,2.364876840574442,12.61,0.26113433921105256,0.28922205981249216,0.06357051612140585,9,0,112,0,0,0,0.10999999999999943,1,0.0937463000009302,0.078125
4,2,3,latest,outage,481,364,363,0.7546777546777547,2.3697623159425567,12.630000000000003,0.2614524631885112,0.2893910602755016,0.05279690860570838,4,117,0,0,0,0,0.10000000000000142,1,0.089725300000282,0.0625
4,2,3,latest_no_guard,outage,481,364,363,0.7546777546777547,2.3697623159425567,12.630000000000003,0.2614524631885112,0.2893910602755016,0.05279690860570838,4,117,0,0,0,0,0.10000000000000142,1,0.08722030000353698,0.09375
4,2,4,no_buffer,outage,481,361,360,0.7484407484407485,2.4137770405380845,12.785000000000004,0.26427013270314487,0.2919792758443635,0.05398756746204058,1,0,0,0,0,0,0.4399999999999977,1,0.08749629999510944,0.09375
4,2,4,fifo,outage,481,481,480,0.997920997920998,2.5091006180694424,12.785000000000004,0.27935829849118343,0.3079559479935726,2.0766945794835245,121,0,0,0,35,0,1.0799999999999983,1,0.08685410000907723,0.078125
4,2,4,ttl,outage,481,369,368,0.7650727650727651,2.3717846755135437,12.630000000000003,0.2614524631885112,0.2901672437732207,0.06710845192520043,9,0,112,0,2,0,0.09000000000000341,1,0.08506040000065695,0.09375
4,2,4,latest,outage,481,364,363,0.7546777546777547,2.368103526631522,12.619999999999997,0.26122523177604073,0.28991619023021037,0.05620589706220786,4,117,0,0,0,0,0.09000000000000341,1,0.08362019999185577,0.0625
4,2,4,latest_no_guard,outage,481,364,363,0.7546777546777547,2.368103526631522,12.619999999999997,0.26122523177604073,0.28991619023021037,0.05620589706220786,4,117,0,0,0,0,0.09000000000000341,1,0.08329119998961687,0.09375
4,2,5,no_buffer,outage,481,361,360,0.7484407484407485,2.4158221232503188,12.799999999999997,0.26454281039810945,0.2918057184173846,0.051353059303718966,1,0,0,0,0,0,0.39000000000000057,1,0.09115070001280401,0.09375
4,2,5,fifo,outage,481,481,480,0.997920997920998,2.507441828758408,12.770000000000003,0.27926740592619526,0.3073723742783483,2.075165278919326,121,0,0,0,29,0,1.0799999999999983,1,0.09293880000768695,0.09375
4,2,5,ttl,outage,481,369,368,0.7650727650727651,2.3672627704053815,12.619999999999997,0.2612706780585348,0.2897765659279472,0.06455511184152361,9,0,112,0,1,0,0.10999999999999943,1,0.08379739998781588,0.078125
4,2,5,latest,outage,481,364,363,0.7546777546777547,2.372875386293402,12.645000000000003,0.2616796946009816,0.2897209997306576,0.053760513334696995,4,117,0,0,0,0,0.11999999999999744,1,0.08523820000118576,0.09375
4,2,5,latest_no_guard,outage,481,364,363,0.7546777546777547,2.372875386293402,12.645000000000003,0.2616796946009816,0.2897209997306576,0.053760513334696995,4,117,0,0,0,0,0.11999999999999744,1,0.08778990000428166,0.078125
4,2,6,no_buffer,outage,481,361,360,0.7484407484407485,2.412004635520815,12.785000000000004,0.2642246864206508,0.29193283098271783,0.05233487103901072,1,0,0,0,0,0,0.3999999999999986,1,0.08363779999490362,0.078125
4,2,6,fifo,outage,481,481,480,0.997920997920998,2.507919014724596,12.785000000000004,0.2794946373386657,0.30792064598886537,2.075100145539781,121,0,0,0,28,0,1.1300000000000026,1,0.08923560001130681,0.078125
4,2,6,ttl,outage,481,369,368,0.7650727650727651,2.3641497000545364,12.605000000000004,0.26122523177604073,0.28961161525905965,0.06525054387770311,9,0,112,0,2,0,0.10000000000000142,1,0.08472609998716507,0.09375
4,2,6,latest,outage,481,364,363,0.7546777546777547,2.3649677331394297,12.61,0.26108889292855847,0.28986166679573117,0.05445258094178752,4,117,0,0,0,0,0.09000000000000341,1,0.08958929999789689,0.09375
4,2,6,latest_no_guard,outage,481,364,363,0.7546777546777547,2.3649677331394297,12.61,0.26108889292855847,0.28986166679573117,0.05445258094178752,4,117,0,0,0,0,0.09000000000000341,1,0.08907319999707397,0.078125
4,2,7,no_buffer,outage,481,361,360,0.7484407484407485,2.420321305217234,12.814999999999998,0.2647700418105799,0.29207739524403586,0.05323479538426744,1,0,0,0,0,0,0.4100000000000037,1,0.08813749998807907,0.078125
4,2,7,fifo,outage,481,481,480,0.997920997920998,2.5078735684421023,12.774999999999999,0.27972186875113614,0.3077794813491935,2.0755644505911612,121,0,0,0,29,0,1.1099999999999994,1,0.08875379999517463,0.09375
4,2,7,ttl,outage,481,369,368,0.7650727650727651,2.364467824031995,12.605000000000004,0.26154335575349935,0.28971505163214417,0.06622065007461074,9,0,112,0,0,0,0.13000000000000256,1,0.08498400000098627,0.078125
4,2,7,latest,outage,481,364,363,0.7546777546777547,2.3726027085984374,12.64,0.26158880203599344,0.2898792008287296,0.0554747353784076,4,117,0,0,0,0,0.10000000000000142,1,0.0904661000095075,0.09375
4,2,7,latest_no_guard,outage,481,364,363,0.7546777546777547,2.3726027085984374,12.64,0.26158880203599344,0.2898792008287296,0.0554747353784076,4,117,0,0,0,0,0.10000000000000142,1,0.08500039999489672,0.09375
4,2,8,no_buffer,outage,481,361,360,0.7484407484407485,2.4166628794764593,12.799999999999997,0.26454281039810945,0.2916633869232116,0.052828149151573106,1,0,0,0,0,0,0.4399999999999977,1,0.08825110000907443,0.078125
4,2,8,fifo,outage,481,481,480,0.997920997920998,2.5084416469732784,12.795000000000002,0.2794037447736775,0.3080617483931196,2.0762870826795807,121,0,0,0,29,0,1.0900000000000034,1,0.09405030000198167,0.109375
4,2,8,ttl,outage,481,369,368,0.7650727650727651,2.3648995637156887,12.61,0.26122523177604073,0.2892148429060923,0.06586926175397746,9,0,112,0,0,0,0.11999999999999744,1,0.09064730000682175,0.078125
4,2,8,latest,outage,481,364,363,0.7546777546777547,2.374397836756954,12.645000000000003,0.2617251408834757,0.28986619352767573,0.05516411599823259,4,117,0,0,0,0,0.11999999999999744,1,0.08743099999264814,0.09375
4,2,8,latest_no_guard,outage,481,364,363,0.7546777546777547,2.374397836756954,12.645000000000003,0.2617251408834757,0.28986619352767573,0.05516411599823259,4,117,0,0,0,0,0.11999999999999744,1,0.08748980000382289,0.09375
4,2,9,no_buffer,outage,481,361,360,0.7484407484407485,2.4137770405380845,12.795000000000002,0.26440647155062713,0.29158185705178014,0.05127378644898392,1,0,0,0,0,0,0.4100000000000037,1,0.08593149999796879,0.078125
4,2,9,fifo,outage,481,481,480,0.997920997920998,2.507328213052173,12.770000000000003,0.27922195964370117,0.307385783604135,2.0745535871672938,121,0,0,0,29,0,1.0799999999999983,1,0.09415190000436269,0.09375
4,2,9,ttl,outage,481,369,368,0.7650727650727651,2.3637179603708423,12.61,0.2613161243410289,0.28922685575112206,0.06394812992006724,9,0,112,0,1,0,0.10000000000000142,1,0.09066649999294896,0.09375
4,2,9,latest,outage,481,364,363,0.7546777546777547,2.364013361207054,12.61,0.26108889292855847,0.28903636790934567,0.05330833239095327,4,117,0,0,0,0,0.0799999999999983,1,0.08979810000164434,0.078125
4,2,9,latest_no_guard,outage,481,364,363,0.7546777546777547,2.364013361207054,12.61,0.26108889292855847,0.28903636790934567,0.05330833239095327,4,117,0,0,0,0,0.0799999999999983,1,0.08818619999510702,0.09375
4,5,0,no_buffer,healthy,1201,1201,1200,0.9991673605328892,0.11994637338661497,0.21000000000000085,0.0,0.02274404066382792,0.019947004907979706,1,0,0,0,0,0,,1,0.16039160000218544,0.140625
4,5,0,fifo,healthy,1201,1201,1200,0.9991673605328892,0.11994637338661497,0.21000000000000085,0.0,0.02274404066382792,0.019947004907979706,1,0,0,0,0,0,,1,0.16338070000347216,0.171875
4,5,0,ttl,healthy,1201,1201,1200,0.9991673605328892,0.11994637338661497,0.21000000000000085,0.0,0.02274404066382792,0.019947004907979706,1,0,0,0,0,0,,1,0.165086799999699,0.15625
4,5,0,latest,healthy,1201,1201,1200,0.9991673605328892,0.11994637338661497,0.21000000000000085,0.0,0.02274404066382792,0.019947004907979706,1,0,0,0,0,0,,1,0.1688029000069946,0.15625
4,5,0,latest_no_guard,healthy,1201,1201,1200,0.9991673605328892,0.11994637338661497,0.21000000000000085,0.0,0.02274404066382792,0.019947004907979706,1,0,0,0,0,0,,1,0.16705210000509396,0.171875
4,5,1,no_buffer,healthy,1201,1201,1200,0.9991673605328892,0.12018269405558425,0.21000000000000618,0.0,0.022787951221832373,0.020137781159520574,1,0,0,0,0,0,,1,0.12460830000054557,0.109375
4,5,1,fifo,healthy,1201,1201,1200,0.9991673605328892,0.12018269405558425,0.21000000000000618,0.0,0.022787951221832373,0.020137781159520574,1,0,0,0,0,0,,1,0.13570470000558998,0.125
4,5,1,ttl,healthy,1201,1201,1200,0.9991673605328892,0.12018269405558425,0.21000000000000618,0.0,0.022787951221832373,0.020137781159520574,1,0,0,0,0,0,,1,0.11445549999189097,0.109375
4,5,1,latest,healthy,1201,1201,1200,0.9991673605328892,0.12018269405558425,0.21000000000000618,0.0,0.022787951221832373,0.020137781159520574,1,0,0,0,0,0,,1,0.12167519998911303,0.109375
4,5,1,latest_no_guard,healthy,1201,1201,1200,0.9991673605328892,0.12018269405558425,0.21000000000000618,0.0,0.022787951221832373,0.020137781159520574,1,0,0,0,0,0,,1,0.11419459999888204,0.109375
4,5,2,no_buffer,healthy,1201,1201,1200,0.9991673605328892,0.12003726595160316,0.21000000000000263,0.0,0.02277004101159339,0.020242774165450707,1,0,0,0,0,0,,1,0.11087299999780953,0.09375
4,5,2,fifo,healthy,1201,1201,1200,0.9991673605328892,0.12003726595160316,0.21000000000000263,0.0,0.02277004101159339,0.020242774165450707,1,0,0,0,0,0,,1,0.11227059998782352,0.09375
4,5,2,ttl,healthy,1201,1201,1200,0.9991673605328892,0.12003726595160316,0.21000000000000263,0.0,0.02277004101159339,0.020242774165450707,1,0,0,0,0,0,,1,0.11147390000405721,0.09375
4,5,2,latest,healthy,1201,1201,1200,0.9991673605328892,0.12003726595160316,0.21000000000000263,0.0,0.02277004101159339,0.020242774165450707,1,0,0,0,0,0,,1,0.1159058999910485,0.109375
4,5,2,latest_no_guard,healthy,1201,1201,1200,0.9991673605328892,0.12003726595160316,0.21000000000000263,0.0,0.02277004101159339,0.020242774165450707,1,0,0,0,0,0,,1,0.11488840001402423,0.109375
4,5,3,no_buffer,healthy,1201,1201,1200,0.9991673605328892,0.11980094528263388,0.21000000000000085,0.0,0.022710065951972558,0.01960932701042273,1,0,0,0,0,0,,1,0.1165618000086397,0.109375
4,5,3,fifo,healthy,1201,1201,1200,0.9991673605328892,0.11980094528263388,0.21000000000000085,0.0,0.022710065951972558,0.01960932701042273,1,0,0,0,0,0,,1,0.1115295000054175,0.109375
4,5,3,ttl,healthy,1201,1201,1200,0.9991673605328892,0.11980094528263388,0.21000000000000085,0.0,0.022710065951972558,0.01960932701042273,1,0,0,0,0,0,,1,0.11124570001265965,0.109375
4,5,3,latest,healthy,1201,1201,1200,0.9991673605328892,0.11980094528263388,0.21000000000000085,0.0,0.022710065951972558,0.01960932701042273,1,0,0,0,0,0,,1,0.11252260000037495,0.09375
4,5,3,latest_no_guard,healthy,1201,1201,1200,0.9991673605328892,0.11980094528263388,0.21000000000000085,0.0,0.022710065951972558,0.01960932701042273,1,0,0,0,0,0,,1,0.11923799999931362,0.078125
4,5,4,no_buffer,healthy,1201,1201,1200,0.9991673605328892,0.12013724777309015,0.2100000000000044,0.0,0.02278173525648452,0.02006326630465607,1,0,0,0,0,0,,1,0.11105120000138413,0.09375
4,5,4,fifo,healthy,1201,1201,1200,0.9991673605328892,0.12013724777309015,0.2100000000000044,0.0,0.02278173525648452,0.02006326630465607,1,0,0,0,0,0,,1,0.11148659999889787,0.109375
4,5,4,ttl,healthy,1201,1201,1200,0.9991673605328892,0.12013724777309015,0.2100000000000044,0.0,0.02278173525648452,0.02006326630465607,1,0,0,0,0,0,,1,0.11014629999408498,0.109375
4,5,4,latest,healthy,1201,1201,1200,0.9991673605328892,0.12013724777309015,0.2100000000000044,0.0,0.02278173525648452,0.02006326630465607,1,0,0,0,0,0,,1,0.11353190000227187,0.109375
4,5,4,latest_no_guard,healthy,1201,1201,1200,0.9991673605328892,0.12013724777309015,0.2100000000000044,0.0,0.02278173525648452,0.02006326630465607,1,0,0,0,0,0,,1,0.11276789999101311,0.109375
4,5,5,no_buffer,healthy,1201,1201,1200,0.9991673605328892,0.12014633702958898,0.2100000000000044,0.0,0.022806200695953942,0.020201443185200535,1,0,0,0,0,0,,1,0.11164160000043921,0.109375
4,5,5,fifo,healthy,1201,1201,1200,0.9991673605328892,0.12014633702958898,0.2100000000000044,0.0,0.022806200695953942,0.020201443185200535,1,0,0,0,0,0,,1,0.11421329999575391,0.109375
4,5,5,ttl,healthy,1201,1201,1200,0.9991673605328892,0.12014633702958898,0.2100000000000044,0.0,0.022806200695953942,0.020201443185200535,1,0,0,0,0,0,,1,0.11073529999703169,0.09375
4,5,5,latest,healthy,1201,1201,1200,0.9991673605328892,0.12014633702958898,0.2100000000000044,0.0,0.022806200695953942,0.020201443185200535,1,0,0,0,0,0,,1,0.1112072999967495,0.109375
4,5,5,latest_no_guard,healthy,1201,1201,1200,0.9991673605328892,0.12014633702958898,0.2100000000000044,0.0,0.022806200695953942,0.020201443185200535,1,0,0,0,0,0,,1,0.11552880000090227,0.09375
4,5,6,no_buffer,healthy,1201,1201,1200,0.9991673605328892,0.12012815851659134,0.2100000000000044,0.0,0.02277847677376152,0.020115642768133137,1,0,0,0,0,0,,1,0.11345609999261796,0.125
4,5,6,fifo,healthy,1201,1201,1200,0.9991673605328892,0.12012815851659134,0.2100000000000044,0.0,0.02277847677376152,0.020115642768133137,1,0,0,0,0,0,,1,0.10787449999770615,0.109375
4,5,6,ttl,healthy,1201,1201,1200,0.9991673605328892,0.12012815851659134,0.2100000000000044,0.0,0.02277847677376152,0.020115642768133137,1,0,0,0,0,0,,1,0.11048999999184161,0.09375
4,5,6,latest,healthy,1201,1201,1200,0.9991673605328892,0.12012815851659134,0.2100000000000044,0.0,0.02277847677376152,0.020115642768133137,1,0,0,0,0,0,,1,0.10857399999804329,0.109375
4,5,6,latest_no_guard,healthy,1201,1201,1200,0.9991673605328892,0.12012815851659134,0.2100000000000044,0.0,0.02277847677376152,0.020115642768133137,1,0,0,0,0,0,,1,0.10967879999952856,0.109375
4,5,7,no_buffer,healthy,1201,1201,1200,0.9991673605328892,0.12006453372109961,0.2100000000000044,0.0,0.022756737896580975,0.020036843196095836,1,0,0,0,0,0,,1,0.11232559999916703,0.109375
4,5,7,fifo,healthy,1201,1201,1200,0.9991673605328892,0.12006453372109961,0.2100000000000044,0.0,0.022756737896580975,0.020036843196095836,1,0,0,0,0,0,,1,0.10618410000461154,0.078125
4,5,7,ttl,healthy,1201,1201,1200,0.9991673605328892,0.12006453372109961,0.2100000000000044,0.0,0.022756737896580975,0.020036843196095836,1,0,0,0,0,0,,1,0.10828800000308547,0.109375
4,5,7,latest,healthy,1201,1201,1200,0.9991673605328892,0.12006453372109961,0.2100000000000044,0.0,0.022756737896580975,0.020036843196095836,1,0,0,0,0,0,,1,0.1090598000009777,0.109375
4,5,7,latest_no_guard,healthy,1201,1201,1200,0.9991673605328892,0.12006453372109961,0.2100000000000044,0.0,0.022756737896580975,0.020036843196095836,1,0,0,0,0,0,,1,0.11610329999530222,0.125
4,5,8,no_buffer,healthy,1201,1201,1200,0.9991673605328892,0.12012815851659134,0.2100000000000044,0.0,0.022794254598516816,0.02011258473128029,1,0,0,0,0,0,,1,0.10973009999725036,0.09375
4,5,8,fifo,healthy,1201,1201,1200,0.9991673605328892,0.12012815851659134,0.2100000000000044,0.0,0.022794254598516816,0.02011258473128029,1,0,0,0,0,0,,1,0.10728609999932814,0.109375
4,5,8,ttl,healthy,1201,1201,1200,0.9991673605328892,0.12012815851659134,0.2100000000000044,0.0,0.022794254598516816,0.02011258473128029,1,0,0,0,0,0,,1,0.1069050999940373,0.109375
4,5,8,latest,healthy,1201,1201,1200,0.9991673605328892,0.12012815851659134,0.2100000000000044,0.0,0.022794254598516816,0.02011258473128029,1,0,0,0,0,0,,1,0.11350239999592304,0.109375
4,5,8,latest_no_guard,healthy,1201,1201,1200,0.9991673605328892,0.12012815851659134,0.2100000000000044,0.0,0.022794254598516816,0.02011258473128029,1,0,0,0,0,0,,1,0.10726280001108535,0.109375
4,5,9,no_buffer,healthy,1201,1201,1200,0.9991673605328892,0.12008271223409725,0.2100000000000044,0.0,0.022794396147403074,0.020109879864947743,1,0,0,0,0,0,,1,0.10625050000089686,0.109375
4,5,9,fifo,healthy,1201,1201,1200,0.9991673605328892,0.12008271223409725,0.2100000000000044,0.0,0.022794396147403074,0.020109879864947743,1,0,0,0,0,0,,1,0.10944829999061767,0.109375
4,5,9,ttl,healthy,1201,1201,1200,0.9991673605328892,0.12008271223409725,0.2100000000000044,0.0,0.022794396147403074,0.020109879864947743,1,0,0,0,0,0,,1,0.11189200000080746,0.0625
4,5,9,latest,healthy,1201,1201,1200,0.9991673605328892,0.12008271223409725,0.2100000000000044,0.0,0.022794396147403074,0.020109879864947743,1,0,0,0,0,0,,1,0.11875470000086352,0.125
4,5,9,latest_no_guard,healthy,1201,1201,1200,0.9991673605328892,0.12008271223409725,0.2100000000000044,0.0,0.022794396147403074,0.020109879864947743,1,0,0,0,0,0,,1,0.11469689999648836,0.109375
4,5,0,no_buffer,degraded,1201,1200,1197,0.9966694421315571,0.19959552808576103,0.33000000000006935,0.0,0.03768022118947114,0.09932218697349843,1,0,0,0,0,0,,3,0.16853049999917857,0.171875
4,5,0,fifo,degraded,1201,1201,1198,0.9975020815986678,0.19959552808576103,0.33000000000006935,0.0,0.03768022118947114,0.09938859948045294,1,0,0,0,0,0,,3,0.16723310000088532,0.171875
4,5,0,ttl,degraded,1201,1201,1198,0.9975020815986678,0.19959552808576103,0.33000000000006935,0.0,0.03768022118947114,0.09938859948045294,1,0,0,0,0,0,,3,0.1811998999910429,0.15625
4,5,0,latest,degraded,1201,1201,1198,0.9975020815986678,0.19959552808576103,0.33000000000006935,0.0,0.03768022118947114,0.09938859948045294,1,0,0,0,0,0,,3,0.1832012999948347,0.1875
4,5,0,latest_no_guard,degraded,1201,1201,1198,0.9975020815986678,0.19959552808576103,0.33000000000006935,0.0,0.03768022118947114,0.09938859948045294,1,0,0,0,0,0,,3,0.17829209999763407,0.1875
4,5,1,no_buffer,degraded,1201,1200,1197,0.9966694421315571,0.20217687693142547,0.33999999999993236,0.0,0.03823911262968378,0.10131393301066266,1,0,0,0,0,0,,3,0.11010929998883512,0.09375
4,5,1,fifo,degraded,1201,1201,1198,0.9975020815986678,0.20217687693142547,0.33999999999993236,0.0,0.03823911262968378,0.10133427642872274,1,0,0,0,0,0,,3,0.11286040001141373,0.109375
4,5,1,ttl,degraded,1201,1201,1198,0.9975020815986678,0.20217687693142547,0.33999999999993236,0.0,0.03823911262968378,0.10133427642872274,1,0,0,0,0,0,,3,0.11178199999267235,0.109375
4,5,1,latest,degraded,1201,1201,1198,0.9975020815986678,0.20217687693142547,0.33999999999993236,0.0,0.03823911262968378,0.10133427642872274,1,0,0,0,0,0,,3,0.11900090001290664,0.125
4,5,1,latest_no_guard,degraded,1201,1201,1198,0.9975020815986678,0.20217687693142547,0.33999999999993236,0.0,0.03823911262968378,0.10133427642872274,1,0,0,0,0,0,,3,0.11494980000134092,0.109375
4,5,2,no_buffer,degraded,1201,1200,1197,0.9966694421315571,0.2020405380839432,0.339999999999975,0.0,0.03837846161181648,0.10232045154992375,1,0,0,0,0,0,,3,0.12370470000314526,0.125
4,5,2,fifo,degraded,1201,1201,1198,0.9975020815986678,0.2020405380839432,0.339999999999975,0.0,0.03837846161181648,0.102329062501298,1,0,0,0,0,0,,3,0.12181799999962095,0.125
4,5,2,ttl,degraded,1201,1201,1198,0.9975020815986678,0.2020405380839432,0.339999999999975,0.0,0.03837846161181648,0.102329062501298,1,0,0,0,0,0,,3,0.12152660000720061,0.125
4,5,2,latest,degraded,1201,1201,1198,0.9975020815986678,0.2020405380839432,0.339999999999975,0.0,0.03837846161181648,0.102329062501298,1,0,0,0,0,0,,3,0.11727409999002703,0.125
4,5,2,latest_no_guard,degraded,1201,1201,1198,0.9975020815986678,0.2020405380839432,0.339999999999975,0.0,0.03837846161181648,0.102329062501298,1,0,0,0,0,0,,3,0.11850150000827853,0.109375
4,5,3,no_buffer,degraded,1201,1200,1197,0.9966694421315571,0.19670514451913676,0.33000000000007645,0.0,0.03726114136954999,0.09610202481440135,1,0,0,0,0,0,,3,0.10984619999362621,0.109375
4,5,3,fifo,degraded,1201,1201,1198,0.9975020815986678,0.19670514451913676,0.33000000000007645,0.0,0.03726114136954999,0.09603879759626381,1,0,0,0,0,0,,3,0.11266869999235496,0.109375
4,5,3,ttl,degraded,1201,1201,1198,0.9975020815986678,0.19670514451913676,0.33000000000007645,0.0,0.03726114136954999,0.09603879759626381,1,0,0,0,0,0,,3,0.21818999999959487,0.21875
4,5,3,latest,degraded,1201,1201,1198,0.9975020815986678,0.19670514451913676,0.33000000000007645,0.0,0.03726114136954999,0.09603879759626381,1,0,0,0,0,0,,3,0.1265170999977272,0.109375
4,5,3,latest_no_guard,degraded,1201,1201,1198,0.9975020815986678,0.19670514451913676,0.33000000000007645,0.0,0.03726114136954999,0.09603879759626381,1,0,0,0,0,0,,3,0.11979209999844898,0.125
4,5,4,no_buffer,degraded,1201,1200,1198,0.9975020815986678,0.20032266860566647,0.3399999999998613,0.0,0.0379934955576111,0.10059856018339526,1,0,0,0,0,0,,2,0.11918979999609292,0.09375
4,5,4,fifo,degraded,1201,1201,1199,0.9983347210657785,0.20032266860566647,0.3399999999998613,0.0,0.0379934955576111,0.10060820588892297,1,0,0,0,0,0,,2,0.11856370000168681,0.109375
4,5,4,ttl,degraded,1201,1201,1199,0.9983347210657785,0.20032266860566647,0.3399999999998613,0.0,0.0379934955576111,0.10060820588892297,1,0,0,0,0,0,,2,0.11454009999579284,0.109375
4,5,4,latest,degraded,1201,1201,1199,0.9983347210657785,0.20032266860566647,0.3399999999998613,0.0,0.0379934955576111,0.10060820588892297,1,0,0,0,0,0,,2,0.11253130000841338,0.109375
4,5,4,latest_no_guard,degraded,1201,1201,1199,0.9983347210657785,0.20032266860566647,0.3399999999998613,0.0,0.0379934955576111,0.10060820588892297,1,0,0,0,0,0,,2,0.11555019998922944,0.09375
4,5,5,no_buffer,degraded,1201,1200,1198,0.9975020815986678,0.20271314306485574,0.3399999999999972,0.0,0.0384718521358448,0.10195865056037687,1,0,0,0,0,0,,2,0.1179513999959454,0.125
4,5,5,fifo,degraded,1201,1201,1199,0.9983347210657785,0.20271314306485574,0.3399999999999972,0.0,0.0384718521358448,0.10202408903471025,1,0,0,0,0,0,,2,0.11188250000122935,0.109375
4,5,5,ttl,degraded,1201,1201,1199,0.9983347210657785,0.20271314306485574,0.3399999999999972,0.0,0.0384718521358448,0.10202408903471025,1,0,0,0,0,0,,2,0.11740590000408702,0.109375
4,5,5,latest,degraded,1201,1201,1199,0.9983347210657785,0.20271314306485574,0.3399999999999972,0.0,0.0384718521358448,0.10202408903471025,1,0,0,0,0,0,,2,0.10887519999232609,0.109375
4,5,5,latest_no_guard,degraded,1201,1201,1199,0.9983347210657785,0.20271314306485574,0.3399999999999972,0.0,0.0384718521358448,0.10202408903471025,1,0,0,0,0,0,,2,0.11111539999546949,0.09375
4,5,6,no_buffer,degraded,1201,1200,1198,0.9975020815986678,0.20179512815847508,0.3399999999997192,0.0,0.03816572675486364,0.10117896014005494,1,0,0,0,0,0,,2,0.11513260001083836,0.109375
4,5,6,fifo,degraded,1201,1201,1199,0.9983347210657785,0.20179512815847508,0.3399999999997192,0.0,0.03816572675486364,0.1011454321638162,1,0,0,0,0,0,,2,0.11126469999726396,0.09375
4,5,6,ttl,degraded,1201,1201,1199,0.9983347210657785,0.20179512815847508,0.3399999999997192,0.0,0.03816572675486364,0.1011454321638162,1,0,0,0,0,0,,2,0.11362980000558309,0.09375
4,5,6,latest,degraded,1201,1201,1199,0.9983347210657785,0.20179512815847508,0.3399999999997192,0.0,0.03816572675486364,0.1011454321638162,1,0,0,0,0,0,,2,0.11591360000602435,0.109375
4,5,6,latest_no_guard,degraded,1201,1201,1199,0.9983347210657785,0.20179512815847508,0.3399999999997192,0.0,0.03816572675486364,0.1011454321638162,1,0,0,0,0,0,,2,0.11422240000683814,0.125
4,5,7,no_buffer,degraded,1201,1200,1197,0.9966694421315571,0.2000227231412055,0.3399999999997547,0.0,0.03765870231034082,0.10033370757674011,1,0,0,0,0,0,,3,0.11237609999079723,0.078125
4,5,7,fifo,degraded,1201,1201,1198,0.9975020815986678,0.2000227231412055,0.3399999999997547,0.0,0.03765870231034082,0.10039256066636741,1,0,0,0,0,0,,3,0.11546969998744316,0.109375
4,5,7,ttl,degraded,1201,1201,1198,0.9975020815986678,0.2000227231412055,0.3399999999997547,0.0,0.03765870231034082,0.10039256066636741,1,0,0,0,0,0,,3,0.11322800000198185,0.109375
4,5,7,latest,degraded,1201,1201,1198,0.9975020815986678,0.2000227231412055,0.3399999999997547,0.0,0.03765870231034082,0.10039256066636741,1,0,0,0,0,0,,3,0.11450609999883454,0.109375
4,5,7,latest_no_guard,degraded,1201,1201,1198,0.9975020815986678,0.2000227231412055,0.3399999999997547,0.0,0.03765870231034082,0.10039256066636741,1,0,0,0,0,0,,3,0.1179102000023704,0.125
4,5,8,no_buffer,degraded,1201,1200,1197,0.9966694421315571,0.20143155789852235,0.3399999999999963,0.0,0.038427586064678075,0.1009566511976428,1,0,0,0,0,0,,3,0.12519289999909233,0.109375
4,5,8,fifo,degraded,1201,1201,1198,0.9975020815986678,0.20143155789852235,0.3399999999999963,0.0,0.038427586064678075,0.10104673937007085,1,0,0,0,0,0,,3,0.13220140000339597,0.125
4,5,8,ttl,degraded,1201,1201,1198,0.9975020815986678,0.20143155789852235,0.3399999999999963,0.0,0.038427586064678075,0.10104673937007085,1,0,0,0,0,0,,3,0.11119049999979325,0.109375
4,5,8,latest,degraded,1201,1201,1198,0.9975020815986678,0.20143155789852235,0.3399999999999963,0.0,0.038427586064678075,0.10104673937007085,1,0,0,0,0,0,,3,0.1138251000083983,0.109375
4,5,8,latest_no_guard,degraded,1201,1201,1198,0.9975020815986678,0.20143155789852235,0.3399999999999963,0.0,0.038427586064678075,0.10104673937007085,1,0,0,0,0,0,,3,0.11352689999330323,0.109375
4,5,9,no_buffer,degraded,1201,1200,1196,0.9958368026644463,0.20105889838207083,0.33999999999989683,0.0,0.038328720312986043,0.10101776056363844,1,0,0,0,0,0,,4,0.10907140000199433,0.09375
4,5,9,fifo,degraded,1201,1201,1197,0.9966694421315571,0.20105889838207083,0.33999999999989683,0.0,0.038328720312986043,0.1009835395950974,1,0,0,0,0,0,,4,0.12041469999530818,0.046875
4,5,9,ttl,degraded,1201,1201,1197,0.9966694421315571,0.20105889838207083,0.33999999999989683,0.0,0.038328720312986043,0.1009835395950974,1,0,0,0,0,0,,4,0.11048350000055507,0.109375
4,5,9,latest,degraded,1201,1201,1197,0.9966694421315571,0.20105889838207083,0.33999999999989683,0.0,0.038328720312986043,0.1009835395950974,1,0,0,0,0,0,,4,0.11602019998827018,0.09375
4,5,9,latest_no_guard,degraded,1201,1201,1197,0.9966694421315571,0.20105889838207083,0.33999999999989683,0.0,0.038328720312986043,0.1009835395950974,1,0,0,0,0,0,,4,0.1175333999999566,0.109375
4,5,0,no_buffer,overloaded,1201,1200,1196,0.9958368026644463,0.2933421196145745,0.49000000000005883,0.0,0.05534016131407029,0.1985039280570765,1,0,0,0,128,0,,4,0.18290230000275187,0.171875
4,5,0,fifo,overloaded,1201,1200,1196,0.9958368026644463,0.33338029449186973,0.5300000000000651,0.0,0.06291381768045598,0.23877655758471983,1,0,0,0,129,0,,5,0.16364129999419674,0.171875
4,5,0,ttl,overloaded,1201,1200,1196,0.9958368026644463,0.33338029449186973,0.5300000000000651,0.0,0.06291381768045598,0.23877655758471983,1,0,0,0,129,0,,5,0.170375800007605,0.171875
4,5,0,latest,overloaded,1201,1200,1196,0.9958368026644463,0.33338029449186973,0.5300000000000651,0.0,0.06291381768045598,0.23877655758471983,1,0,0,0,129,0,,5,0.17525780000141822,0.125
4,5,0,latest_no_guard,overloaded,1201,1200,1196,0.9958368026644463,0.36032085075436765,0.5800000000000587,0.0,0.06738394523348096,0.23877655758471983,1,0,0,0,0,129,,5,0.1743103000044357,0.171875
4,5,1,no_buffer,overloaded,1201,1200,1196,0.9958368026644463,0.29709598254858655,0.49999999999981526,0.0,0.05615661064797567,0.20258384223687279,1,0,0,0,143,0,,4,0.11250380000274163,0.078125
4,5,1,fifo,overloaded,1201,1200,1195,0.9950041631973355,0.33715233593887944,0.5399999999998144,0.0,0.06374802296889562,0.2424812475337344,1,0,0,0,142,0,,6,0.11123410001164302,0.109375
4,5,1,ttl,overloaded,1201,1200,1195,0.9950041631973355,0.33715233593887944,0.5399999999998144,0.0,0.06374802296889562,0.2424812475337344,1,0,0,0,142,0,,6,0.12039890000596642,0.125
4,5,1,latest,overloaded,1201,1200,1195,0.9950041631973355,0.33715233593887944,0.5399999999998144,0.0,0.06374802296889562,0.2424812475337344,1,0,0,0,142,0,,6,0.12499599999864586,0.109375
4,5,1,latest_no_guard,overloaded,1201,1200,1195,0.9950041631973355,0.3686920559897795,0.5900000000000496,0.0,0.06985830555762915,0.2424812475337344,1,0,0,0,0,142,,6,0.1304243999911705,0.09375
4,5,2,no_buffer,overloaded,1201,1200,1194,0.9941715237302248,0.2954144700963051,0.4900000000000837,0.0,0.05623988642238625,0.20431414498851264,1,0,0,0,147,0,,6,0.1337844999943627,0.109375
4,5,2,fifo,overloaded,1201,1200,1194,0.9941715237302248,0.33532539538261696,0.5300000000000793,0.0,0.06378769224725338,0.24430107424511324,1,0,0,0,147,0,,7,0.12818080000579357,0.109375
4,5,2,ttl,overloaded,1201,1200,1194,0.9941715237302248,0.33532539538261696,0.5300000000000793,0.0,0.06378769224725338,0.24430107424511324,1,0,0,0,147,0,,7,0.13061259999813046,0.125
4,5,2,latest,overloaded,1201,1200,1194,0.9941715237302248,0.33532539538261696,0.5300000000000793,0.0,0.06378769224725338,0.24430107424511324,1,0,0,0,147,0,,7,0.12747190000663977,0.125
4,5,2,latest_no_guard,overloaded,1201,1200,1194,0.9941715237302248,0.3667469550990323,0.5900000000000034,0.0,0.06962306418296921,0.24430107424511324,1,0,0,0,0,147,,7,0.1257640999974683,0.125
4,5,3,no_buffer,overloaded,1201,1200,1195,0.9950041631973355,0.28372568623882455,0.48000000000006793,0.0,0.05377672186346785,0.19193217084384576,1,0,0,0,164,0,,5,0.11967269999149721,0.125
4,5,3,fifo,overloaded,1201,1200,1195,0.9950041631973355,0.323754771859621,0.5200000000000671,0.0,0.06135629628045893,0.23162847574215895,1,0,0,0,163,0,,6,0.12031099999148864,0.09375
4,5,3,ttl,overloaded,1201,1200,1195,0.9950041631973355,0.323754771859621,0.5200000000000671,0.0,0.06135629628045893,0.23162847574215895,1,0,0,0,163,0,,6,0.11435580000397749,0.109375
4,5,3,latest,overloaded,1201,1200,1195,0.9950041631973355,0.323754771859621,0.5200000000000671,0.0,0.06135629628045893,0.23162847574215895,1,0,0,0,163,0,,6,0.1351555000001099,0.125
4,5,3,latest_no_guard,overloaded,1201,1200,1195,0.9950041631973355,0.35713961097978114,0.5899999999998968,0.0,0.06718386628013368,0.23162847574215895,1,0,0,0,0,163,,6,0.12719450000440702,0.125
4,5,4,no_buffer,overloaded,1201,1200,1195,0.9950041631973355,0.293414833666565,0.4999999999997087,0.0,0.05552358630111178,0.2010424116594558,1,0,0,0,141,0,,5,0.12782560000778176,0.09375
4,5,4,fifo,overloaded,1201,1200,1196,0.9958368026644463,0.3334984548263543,0.5399999999997149,0.0,0.06311079701127784,0.2410451584074176,1,0,0,0,141,0,,5,0.12260469999455381,0.09375
4,5,4,ttl,overloaded,1201,1200,1196,0.9958368026644463,0.3334984548263543,0.5399999999997149,0.0,0.06311079701127784,0.2410451584074176,1,0,0,0,141,0,,5,0.11706429999321699,0.125
4,5,4,latest,overloaded,1201,1200,1196,0.9958368026644463,0.3334984548263543,0.5399999999997149,0.0,0.06311079701127784,0.2410451584074176,1,0,0,0,141,0,,5,0.11214810000092257,0.109375
4,5,4,latest_no_guard,overloaded,1201,1200,1196,0.9958368026644463,0.36396564261039377,0.5900000000000247,0.0,0.06873855899667752,0.2410451584074176,1,0,0,0,0,141,,5,0.11490889999549836,0.109375
4,5,5,no_buffer,overloaded,1201,1200,1195,0.9950041631973355,0.2958053081257543,0.49000000000008015,0.0,0.055951674744717315,0.20360273573734114,1,0,0,0,156,0,,5,0.11315980000654235,0.109375
4,5,5,fifo,overloaded,1201,1200,1195,0.9950041631973355,0.335770768951059,0.5300000000000793,0.0,0.0635207952373917,0.2438527516916899,1,0,0,0,157,0,,6,0.11500380000506993,0.109375
4,5,5,ttl,overloaded,1201,1200,1195,0.9950041631973355,0.335770768951059,0.5300000000000793,0.0,0.0635207952373917,0.2438527516916899,1,0,0,0,157,0,,6,0.1226429999951506,0.125
4,5,5,latest,overloaded,1201,1200,1195,0.9950041631973355,0.335770768951059,0.5300000000000793,0.0,0.0635207952373917,0.2438527516916899,1,0,0,0,157,0,,6,0.11970880000444595,0.125
4,5,5,latest_no_guard,overloaded,1201,1200,1195,0.9950041631973355,0.37058262134153364,0.6000000000000405,0.0,0.07055294591377984,0.2438527516916899,1,0,0,0,0,157,,6,0.11394100000325125,0.09375
4,5,6,no_buffer,overloaded,1201,1200,1195,0.9950041631973355,0.29693237593160776,0.4900000000000446,0.0,0.05612739597949555,0.20231045219472493,1,0,0,0,140,0,,5,0.11171810000087135,0.109375
4,5,6,fifo,overloaded,1201,1200,1195,0.9950041631973355,0.33698872932190066,0.5300000000000438,0.0,0.06370526263001272,0.24220339228449617,1,0,0,0,140,0,,6,0.11220360000152141,0.125
4,5,6,ttl,overloaded,1201,1200,1195,0.9950041631973355,0.33698872932190066,0.5300000000000438,0.0,0.06370526263001272,0.24220339228449617,1,0,0,0,140,0,,6,0.11694680000073276,0.09375
4,5,6,latest,overloaded,1201,1200,1195,0.9950041631973355,0.33698872932190066,0.5300000000000438,0.0,0.06370526263001272,0.24220339228449617,1,0,0,0,140,0,,6,0.11332469999615569,0.125
4,5,6,latest_no_guard,overloaded,1201,1200,1195,0.9950041631973355,0.367265042719465,0.5899999999999892,0.0,0.0692865999785733,0.24220339228449617,1,0,0,0,0,140,,6,0.11105809999571647,0.109375
4,5,7,no_buffer,overloaded,1201,1200,1194,0.9941715237302248,0.29146973277581795,0.48999999999996646,0.0,0.054742441938491995,0.20052969369486412,1,0,0,0,148,0,,6,0.11314010000205599,0.109375
4,5,7,fifo,overloaded,1201,1200,1195,0.9950041631973355,0.33142610434462383,0.5299999999999656,0.0,0.06230593566601826,0.24063107421721155,1,0,0,0,149,0,,6,0.11128789999929722,0.109375
4,5,7,ttl,overloaded,1201,1200,1195,0.9950041631973355,0.33142610434462383,0.5299999999999656,0.0,0.06230593566601826,0.24063107421721155,1,0,0,0,149,0,,6,0.11614739999640733,0.109375
4,5,7,latest,overloaded,1201,1200,1195,0.9950041631973355,0.33142610434462383,0.5299999999999656,0.0,0.06230593566601826,0.24063107421721155,1,0,0,0,149,0,,6,0.11685320000106003,0.109375
4,5,7,latest_no_guard,overloaded,1201,1200,1195,0.9950041631973355,0.36510179967274614,0.5899999999999981,0.0,0.06846112886306885,0.24063107421721155,1,0,0,0,0,149,,6,0.114534200009075,0.125
4,5,8,no_buffer,overloaded,1201,1200,1197,0.9966694421315571,0.29414197418647053,0.49999999999978684,0.0,0.05626023748163697,0.20191330239532404,1,0,0,0,156,0,,3,0.11711940000532195,0.109375
4,5,8,fifo,overloaded,1201,1200,1197,0.9966694421315571,0.3341892383202646,0.539999999999786,0.0,0.06384391191146395,0.24213510620034798,1,0,0,0,156,0,,4,0.13135260000126436,0.140625
4,5,8,ttl,overloaded,1201,1200,1197,0.9966694421315571,0.3341892383202646,0.539999999999786,0.0,0.06384391191146395,0.24213510620034798,1,0,0,0,156,0,,4,0.11653650000516791,0.109375
4,5,8,latest,overloaded,1201,1200,1197,0.9966694421315571,0.3341892383202646,0.539999999999786,0.0,0.06384391191146395,0.24213510620034798,1,0,0,0,156,0,,4,0.11343939999642316,0.125
4,5,8,latest_no_guard,overloaded,1201,1200,1197,0.9966694421315571,0.36665606253404415,0.5899999999999892,0.0,0.07002521423672538,0.24213510620034798,1,0,0,0,0,156,,4,0.11459709999326151,0.09375
4,5,9,no_buffer,overloaded,1201,1200,1195,0.9950041631973355,0.29416924195596705,0.49000000000008015,0.0,0.056112528550541774,0.2019595518180749,1,0,0,0,142,0,,5,0.11027949998970143,0.109375
4,5,9,fifo,overloaded,1201,1200,1195,0.9950041631973355,0.33409834575527647,0.5300000000000793,0.0,0.06367746425127688,0.24189472028614248,1,0,0,0,142,0,,6,0.11263319999852683,0.109375
4,5,9,ttl,overloaded,1201,1200,1195,0.9950041631973355,0.33409834575527647,0.5300000000000793,0.0,0.06367746425127688,0.24189472028614248,1,0,0,0,142,0,,6,0.11506479998934083,0.109375
4,5,9,latest,overloaded,1201,1200,1195,0.9950041631973355,0.33409834575527647,0.5300000000000793,0.0,0.06367746425127688,0.24189472028614248,1,0,0,0,142,0,,6,0.11307419999502599,0.109375
4,5,9,latest_no_guard,overloaded,1201,1200,1195,0.9950041631973355,0.36313852026900145,0.5800000000000551,0.0,0.06914448972670226,0.24189472028614248,1,0,0,0,0,142,,6,0.11487430000852328,0.125
4,5,0,no_buffer,outage,1201,901,900,0.7493755203996669,2.220800763497498,12.490000000000038,0.2589983639338302,0.26509948815052015,0.05048600365144406,1,0,0,0,0,0,0.23000000000000398,1,0.1568425000004936,0.15625
4,5,0,fifo,outage,1201,1201,1200,0.9991673605328892,2.6078940192691777,12.850000000000037,0.30871659698236686,0.3154868856091777,2.3047266912067204,301,0,0,0,90,0,2.8999999999999986,1,0.17820879998907913,0.171875
4,5,0,ttl,outage,1201,920,919,0.765195670274771,2.2044855480821193,12.42000000000004,0.25781676058898384,0.2646423967581947,0.0625611730088472,20,0,281,0,5,0,0.09000000000000341,1,0.16325509999296628,0.171875
4,5,0,latest,outage,1201,904,903,0.7518734388009992,2.2017133248499796,12.420000000000037,0.25772586802399566,0.2642781357735671,0.05080865024473262,4,297,0,0,0,0,0.07000000000000028,1,0.16616329998942092,0.125
4,5,0,latest_no_guard,outage,1201,904,903,0.7518734388009992,2.2017133248499796,12.420000000000037,0.25772586802399566,0.2642781357735671,0.05080865024473262,4,297,0,0,0,0,0.07000000000000028,1,0.1645091000100365,0.15625
4,5,1,no_buffer,outage,1201,901,899,0.7485428809325562,2.2227367751317466,12.490000000000041,0.2590892564988184,0.26549763282955313,0.05066818602509953,1,0,0,0,0,0,0.18999999999999773,2,0.11051100000622682,0.078125
4,5,1,fifo,outage,1201,1201,1199,0.9983347210657785,2.6091210688965183,12.880000000000052,0.3090347209598255,0.3158176686420505,2.307548250338309,301,0,0,0,87,0,2.9299999999999997,2,0.12383630000113044,0.125
4,5,1,ttl,outage,1201,920,918,0.7643630308076603,2.205494455553488,12.430000000000035,0.25786220687147793,0.264709992898554,0.06258503824274658,20,0,281,0,6,0,0.0799999999999983,2,0.11656439999933355,0.109375
4,5,1,latest,outage,1201,904,902,0.7510407993338885,2.196832394110114,12.400000000000038,0.2573622977640429,0.2640414685035774,0.050916091590246494,4,297,0,0,0,0,0.060000000000002274,2,0.11027230000763666,0.109375
4,5,1,latest_no_guard,outage,1201,904,902,0.7510407993338885,2.196832394110114,12.400000000000038,0.2573622977640429,0.2640414685035774,0.050916091590246494,4,297,0,0,0,0,0.060000000000002274,2,0.111730799995712,0.109375
4,5,2,no_buffer,outage,1201,901,899,0.7485428809325562,2.2221187056898266,12.490000000000038,0.2590438102163243,0.26558926315849807,0.05185961869606011,1,0,0,0,0,0,0.18999999999999773,2,0.10199730000749696,0.109375
4,5,2,fifo,outage,1201,1201,1199,0.9983347210657785,2.6087938556625607,12.850000000000037,0.30885293582984913,0.3158882032840709,2.308067793820404,301,0,0,0,85,0,2.8900000000000006,2,0.11287139999330975,0.109375
4,5,2,ttl,outage,1201,920,918,0.7643630308076603,2.2116297036901904,12.450000000000035,0.2582712234139247,0.2651544484401454,0.06414326066547259,20,0,281,0,5,0,0.11999999999999744,2,0.11278260000108276,0.109375
4,5,2,latest,outage,1201,904,902,0.7510407993338885,2.203031267042308,12.420000000000037,0.25777131430648975,0.26468502734502947,0.05220811922105671,4,297,0,0,0,0,0.10000000000000142,2,0.11051519999455195,0.109375
4,5,2,latest_no_guard,outage,1201,904,902,0.7510407993338885,2.203031267042308,12.420000000000037,0.25777131430648975,0.26468502734502947,0.05220811922105671,4,297,0,0,0,0,0.10000000000000142,2,0.11244460000307299,0.109375
4,5,3,no_buffer,outage,1201,901,900,0.7493755203996669,2.220300854390063,12.490000000000041,0.2590892564988184,0.26495886776677885,0.047867321631622585,1,0,0,0,0,0,0.23000000000000398,1,0.1063397999969311,0.109375
4,5,3,fifo,outage,1201,1201,1200,0.9991673605328892,2.606285220868887,12.880000000000038,0.30862570441737863,0.3152012009351042,2.3030383017189355,301,0,0,0,91,0,2.8800000000000026,1,0.11899210000410676,0.125
4,5,3,ttl,outage,1201,920,919,0.765195670274771,2.2032494091982797,12.430000000000035,0.257907653153972,0.2641005208347854,0.06005167928886935,20,0,281,0,7,0,0.10999999999999943,1,0.11361000000033528,0.109375
4,5,3,latest,outage,1201,904,903,0.7518734388009992,2.202576804217367,12.430000000000039,0.257907653153972,0.26424162049768446,0.04828100909189079,4,297,0,0,0,0,0.10000000000000142,1,0.11599619999469724,0.109375
4,5,3,latest_no_guard,outage,1201,904,903,0.7518734388009992,2.202576804217367,12.430000000000039,0.257907653153972,0.26424162049768446,0.04828100909189079,4,297,0,0,0,0,0.10000000000000142,1,0.11089409999840427,0.125
4,5,4,no_buffer,outage,1201,901,900,0.7493755203996669,2.2163288493000795,12.480000000000036,0.25877113252135975,0.26488593854596876,0.0495526395094532,1,0,0,0,0,0,0.20000000000000284,1,0.11046910000732169,0.109375
4,5,4,fifo,outage,1201,1201,1200,0.9991673605328892,2.6079940010906646,12.86000000000005,0.30885293582984913,0.31563388875059495,2.305307998190102,301,0,0,0,90,0,2.8999999999999986,1,0.11244599999918137,0.109375
4,5,4,ttl,outage,1201,920,919,0.765195670274771,2.199577349572757,12.410000000000036,0.25758952917651334,0.26414306587342334,0.06163320295847054,20,0,281,0,3,0,0.10999999999999943,1,0.13173310000274796,0.09375
4,5,4,latest,outage,1201,904,903,0.7518734388009992,2.202694964551852,12.430000000000035,0.25786220687147793,0.26418959840341477,0.04995451097595734,4,297,0,0,0,0,0.10000000000000142,1,0.12027049998869188,0.09375
4,5,4,latest_no_guard,outage,1201,904,903,0.7518734388009992,2.202694964551852,12.430000000000035,0.25786220687147793,0.26418959840341477,0.04995451097595734,4,297,0,0,0,0,0.10000000000000142,1,0.10506980000354815,0.109375
4,5,5,no_buffer,outage,1201,901,900,0.7493755203996669,2.2304262861297466,12.520000000000039,0.2595891656062534,0.26605269280103994,0.05118723862474842,1,0,0,0,0,0,0.21000000000000085,1,0.10536400000273716,0.109375
4,5,5,fifo,outage,1201,1201,1200,0.9991673605328892,2.608766587893064,12.870000000000047,0.30862570441737863,0.315928186734333,2.3059988825928244,301,0,0,0,101,0,2.9299999999999997,1,0.1174957000039285,0.109375
4,5,5,ttl,outage,1201,920,919,0.765195670274771,2.204431012543126,12.420000000000037,0.25777131430648975,0.26497419899384206,0.06311242062411439,20,0,281,0,5,0,0.0799999999999983,1,0.10885330000019167,0.09375
4,5,5,latest,outage,1201,904,903,0.7518734388009992,2.2065669878203487,12.430000000000042,0.2579985457189602,0.26448732257632224,0.05151539676276246,4,297,0,0,0,0,0.11999999999999744,1,0.11685310000029858,0.09375
4,5,5,latest_no_guard,outage,1201,904,903,0.7518734388009992,2.2065669878203487,12.430000000000042,0.2579985457189602,0.26448732257632224,0.05151539676276246,4,297,0,0,0,0,0.11999999999999744,1,0.10905819998879451,0.09375
4,5,6,no_buffer,outage,1201,901,900,0.7493755203996669,2.2254271950553965,12.510000000000037,0.25931648791128886,0.26563397892502116,0.050004951374407296,1,0,0,0,0,0,0.21999999999999886,1,0.10177729999122676,0.109375
4,5,6,fifo,outage,1201,1201,1200,0.9991673605328892,2.6089574622795397,12.870000000000037,0.3090347209598255,0.31556779847576766,2.3055698805074876,301,0,0,0,87,0,2.8900000000000006,1,0.10974400000122841,0.109375
4,5,6,ttl,outage,1201,920,919,0.765195670274771,2.2088574804580507,12.44000000000004,0.25813488456644246,0.26482004843925405,0.06224537185436222,20,0,281,0,5,0,0.10000000000000142,1,0.1037547000014456,0.09375
4,5,6,latest,outage,1201,904,903,0.7518734388009992,2.2002045082711756,12.41000000000004,0.25763497545900743,0.26417564382092434,0.05034067789902397,4,297,0,0,0,0,0.07000000000000028,1,0.1136930999928154,0.125
4,5,6,latest_no_guard,outage,1201,904,903,0.7518734388009992,2.2002045082711756,12.41000000000004,0.25763497545900743,0.26417564382092434,0.05034067789902397,4,297,0,0,0,0,0.07000000000000028,1,0.10834970000723843,0.109375
4,5,7,no_buffer,outage,1201,901,900,0.7493755203996669,2.2241456098890633,12.500000000000039,0.2592255953463007,0.2654240113338969,0.05069080656557133,1,0,0,0,0,0,0.21999999999999886,1,0.10108360000594985,0.09375
4,5,7,fifo,outage,1201,1201,1200,0.9991673605328892,2.608084893655653,12.870000000000037,0.30885293582984913,0.31558314069643423,2.3051758826473012,301,0,0,0,79,0,2.8900000000000006,1,0.11595640001178253,0.125
4,5,7,ttl,outage,1201,920,919,0.765195670274771,2.204394655517131,12.42000000000004,0.25786220687147793,0.2646362822080398,0.06279513135966514,20,0,281,0,2,0,0.10999999999999943,1,0.10620780001045205,0.09375
4,5,7,latest,outage,1201,904,903,0.7518734388009992,2.2030130885293104,12.42000000000004,0.25781676058898384,0.26425586781504684,0.051043752784147876,4,297,0,0,0,0,0.09000000000000341,1,0.10738010000204667,0.109375
4,5,7,latest_no_guard,outage,1201,904,903,0.7518734388009992,2.2030130885293104,12.42000000000004,0.25781676058898384,0.26425586781504684,0.051043752784147876,4,297,0,0,0,0,0.09000000000000341,1,0.11888449999969453,0.109375
4,5,8,no_buffer,outage,1201,901,899,0.7485428809325562,2.2243728413015336,12.500000000000039,0.2592255953463007,0.26564313587388005,0.05040872883443296,1,0,0,0,0,0,0.17999999999999972,2,0.10565589999896474,0.109375
4,5,8,fifo,outage,1201,1201,1199,0.9983347210657785,2.6085666242500904,12.870000000000047,0.30876204326486095,0.31570803383691676,2.307426829298541,301,0,0,0,96,0,2.8900000000000006,2,0.11055399999895599,0.109375
4,5,8,ttl,outage,1201,920,918,0.7643630308076603,2.2032675877112773,12.420000000000037,0.2580439920014543,0.2645045283850206,0.06240632292438892,20,0,281,0,4,0,0.11999999999999744,2,0.10603319999063388,0.109375
4,5,8,latest,outage,1201,904,902,0.7510407993338885,2.199831848754724,12.41000000000004,0.25758952917651334,0.26414889965348637,0.05066460607876331,4,297,0,0,0,0,0.0799999999999983,2,0.11251690000062808,0.109375
4,5,8,latest_no_guard,outage,1201,904,902,0.7510407993338885,2.199831848754724,12.41000000000004,0.25758952917651334,0.26414889965348637,0.05066460607876331,4,297,0,0,0,0,0.0799999999999983,2,0.10644839999440592,0.109375
4,5,9,no_buffer,outage,1201,901,900,0.7493755203996669,2.2281448827485435,12.51000000000004,0.2594528267587711,0.26601729552877335,0.05121462652434512,1,0,0,0,0,0,0.20000000000000284,1,0.10278309999557678,0.109375
4,5,9,fifo,outage,1201,1201,1200,0.9991673605328892,2.6085938920195866,12.850000000000037,0.30939829121977824,0.31563175199027255,2.305541065991561,301,0,0,0,93,0,2.9399999999999977,1,0.11091370000212919,0.109375
4,5,9,ttl,outage,1201,920,919,0.765195670274771,2.2036947827667217,12.420000000000037,0.25772586802399566,0.26480714947036554,0.06324095035995139,20,0,281,0,2,0,0.0799999999999983,1,0.09169420000398532,0.09375
4,5,9,latest,outage,1201,904,903,0.7518734388009992,2.202922195964322,12.420000000000037,0.25777131430648975,0.2644701133709231,0.05154978247095863,4,297,0,0,0,0,0.10000000000000142,1,0.10780870000598952,0.078125
4,5,9,latest_no_guard,outage,1201,904,903,0.7518734388009992,2.202922195964322,12.420000000000037,0.25777131430648975,0.2644701133709231,0.05154978247095863,4,297,0,0,0,0,0.10000000000000142,1,0.1089603000000352,0.109375
4,10,0,no_buffer,healthy,2401,2401,2399,0.9991670137442732,0.07252090528973588,0.1199999999994219,0.0,0.013748950677064367,0.022483619062258972,1,0,0,0,0,0,,2,0.25463769999623764,0.25
4,10,0,fifo,healthy,2401,2401,2399,0.9991670137442732,0.07252090528973588,0.1199999999994219,0.0,0.013748950677064367,0.022483619062258972,1,0,0,0,0,0,,2,0.24957179999910295,0.203125
4,10,0,ttl,healthy,2401,2401,2399,0.9991670137442732,0.07252090528973588,0.1199999999994219,0.0,0.013748950677064367,0.022483619062258972,1,0,0,0,0,0,,2,0.2460025000036694,0.234375
4,10,0,latest,healthy,2401,2401,2399,0.9991670137442732,0.07252090528973588,0.1199999999994219,0.0,0.013748950677064367,0.022483619062258972,1,0,0,0,0,0,,2,0.2512311000027694,0.265625
4,10,0,latest_no_guard,healthy,2401,2401,2399,0.9991670137442732,0.07252090528973588,0.1199999999994219,0.0,0.013748950677064367,0.022483619062258972,1,0,0,0,0,0,,2,0.25179700000444427,0.25
4,10,1,no_buffer,healthy,2401,2401,2399,0.9991670137442732,0.07255726231573116,0.11999999999943611,0.0,0.013743673990350161,0.022654179788233243,1,0,0,0,0,0,,2,0.1437720999965677,0.125
4,10,1,fifo,healthy,2401,2401,2399,0.9991670137442732,0.07255726231573116,0.11999999999943611,0.0,0.013743673990350161,0.022654179788233243,1,0,0,0,0,0,,2,0.1426083000114886,0.109375
4,10,1,ttl,healthy,2401,2401,2399,0.9991670137442732,0.07255726231573116,0.11999999999943611,0.0,0.013743673990350161,0.022654179788233243,1,0,0,0,0,0,,2,0.14761820000421721,0.140625
4,10,1,latest,healthy,2401,2401,2399,0.9991670137442732,0.07255726231573116,0.11999999999943611,0.0,0.013743673990350161,0.022654179788233243,1,0,0,0,0,0,,2,0.14713129999290686,0.140625
4,10,1,latest_no_guard,healthy,2401,2401,2399,0.9991670137442732,0.07255726231573116,0.11999999999943611,0.0,0.013743673990350161,0.022654179788233243,1,0,0,0,0,0,,2,0.14605190001020674,0.140625
4,10,2,no_buffer,healthy,2401,2401,2400,0.9995835068721366,0.0724300127247477,0.11500000000003752,0.0,0.013746913919824603,0.02250790571962466,1,0,0,0,0,0,,1,0.14024990001053084,0.140625
4,10,2,fifo,healthy,2401,2401,2400,0.9995835068721366,0.0724300127247477,0.11500000000003752,0.0,0.013746913919824603,0.02250790571962466,1,0,0,0,0,0,,1,0.14569310001388658,0.109375
4,10,2,ttl,healthy,2401,2401,2400,0.9995835068721366,0.0724300127247477,0.11500000000003752,0.0,0.013746913919824603,0.02250790571962466,1,0,0,0,0,0,,1,0.14916220000304747,0.15625
4,10,2,latest,healthy,2401,2401,2400,0.9995835068721366,0.0724300127247477,0.11500000000003752,0.0,0.013746913919824603,0.02250790571962466,1,0,0,0,0,0,,1,0.15167920000385493,0.140625
4,10,2,latest_no_guard,healthy,2401,2401,2400,0.9995835068721366,0.0724300127247477,0.11500000000003752,0.0,0.013746913919824603,0.02250790571962466,1,0,0,0,0,0,,1,0.20679190001101233,0.15625
4,10,3,no_buffer,healthy,2401,2401,2400,0.9995835068721366,0.07247545900724178,0.11500000000003929,0.0,0.013756412327908432,0.02234916214648069,1,0,0,0,0,0,,1,0.14879690000088885,0.15625
4,10,3,fifo,healthy,2401,2401,2400,0.9995835068721366,0.07247545900724178,0.11500000000003929,0.0,0.013756412327908432,0.02234916214648069,1,0,0,0,0,0,,1,0.14713290000509005,0.140625
4,10,3,ttl,healthy,2401,2401,2400,0.9995835068721366,0.07247545900724178,0.11500000000003929,0.0,0.013756412327908432,0.02234916214648069,1,0,0,0,0,0,,1,0.14345519999915268,0.125
4,10,3,latest,healthy,2401,2401,2400,0.9995835068721366,0.07247545900724178,0.11500000000003929,0.0,0.013756412327908432,0.02234916214648069,1,0,0,0,0,0,,1,0.15297339999233373,0.15625
4,10,3,latest_no_guard,healthy,2401,2401,2400,0.9995835068721366,0.07247545900724178,0.11500000000003929,0.0,0.013756412327908432,0.02234916214648069,1,0,0,0,0,0,,1,0.14987109998764936,0.15625
4,10,4,no_buffer,healthy,2401,2401,2400,0.9995835068721366,0.07260725322647466,0.11999999999944322,0.0,0.01377157714452388,0.022535965251897973,1,0,0,0,0,0,,1,0.1432630000053905,0.140625
4,10,4,fifo,healthy,2401,2401,2400,0.9995835068721366,0.07260725322647466,0.11999999999944322,0.0,0.01377157714452388,0.022535965251897973,1,0,0,0,0,0,,1,0.14472879999084398,0.140625
4,10,4,ttl,healthy,2401,2401,2400,0.9995835068721366,0.07260725322647466,0.11999999999944322,0.0,0.01377157714452388,0.022535965251897973,1,0,0,0,0,0,,1,0.14422700001159683,0.140625
4,10,4,latest,healthy,2401,2401,2400,0.9995835068721366,0.07260725322647466,0.11999999999944322,0.0,0.01377157714452388,0.022535965251897973,1,0,0,0,0,0,,1,0.1415424000006169,0.140625
4,10,4,latest_no_guard,healthy,2401,2401,2400,0.9995835068721366,0.07260725322647466,0.11999999999944322,0.0,0.01377157714452388,0.022535965251897973,1,0,0,0,0,0,,1,0.16225900000426918,0.15625
4,10,5,no_buffer,healthy,2401,2401,2399,0.9991670137442732,0.07259361934172642,0.11999999999945032,0.0,0.013778768744240602,0.0227163698533535,1,0,0,0,0,0,,2,0.1466999999975087,0.15625
4,10,5,fifo,healthy,2401,2401,2399,0.9991670137442732,0.07259361934172642,0.11999999999945032,0.0,0.013778768744240602,0.0227163698533535,1,0,0,0,0,0,,2,0.1492889999935869,0.125
4,10,5,ttl,healthy,2401,2401,2399,0.9991670137442732,0.07259361934172642,0.11999999999945032,0.0,0.013778768744240602,0.0227163698533535,1,0,0,0,0,0,,2,0.14404719999583904,0.15625
4,10,5,latest,healthy,2401,2401,2399,0.9991670137442732,0.07259361934172642,0.11999999999945032,0.0,0.013778768744240602,0.0227163698533535,1,0,0,0,0,0,,2,0.14503359999798704,0.125
4,10,5,latest_no_guard,healthy,2401,2401,2399,0.9991670137442732,0.07259361934172642,0.11999999999945032,0.0,0.013778768744240602,0.0227163698533535,1,0,0,0,0,0,,2,0.14650629999232478,0.125
4,10,6,no_buffer,healthy,2401,2401,2399,0.9991670137442732,0.07254362843098293,0.11999999999943611,0.0,0.013769764336171967,0.022540620874613247,1,0,0,0,0,0,,2,0.14484779999474995,0.140625
4,10,6,fifo,healthy,2401,2401,2399,0.9991670137442732,0.07254362843098293,0.11999999999943611,0.0,0.013769764336171967,0.022540620874613247,1,0,0,0,0,0,,2,0.13862329999392387,0.140625
4,10,6,ttl,healthy,2401,2401,2399,0.9991670137442732,0.07254362843098293,0.11999999999943611,0.0,0.013769764336171967,0.022540620874613247,1,0,0,0,0,0,,2,0.14136780000990257,0.140625
4,10,6,latest,healthy,2401,2401,2399,0.9991670137442732,0.07254362843098293,0.11999999999943611,0.0,0.013769764336171967,0.022540620874613247,1,0,0,0,0,0,,2,0.14845330000389367,0.15625
4,10,6,latest_no_guard,healthy,2401,2401,2399,0.9991670137442732,0.07254362843098293,0.11999999999943611,0.0,0.013769764336171967,0.022540620874613247,1,0,0,0,0,0,,2,0.1479516999970656,0.140625
4,10,7,no_buffer,healthy,2401,2401,2400,0.9995835068721366,0.07242092346824888,0.11500000000003752,0.0,0.01372987015121082,0.022378059102073584,1,0,0,0,0,0,,1,0.15067529999942053,0.15625
4,10,7,fifo,healthy,2401,2401,2400,0.9995835068721366,0.07242092346824888,0.11500000000003752,0.0,0.01372987015121082,0.022378059102073584,1,0,0,0,0,0,,1,0.14226690000214148,0.140625
4,10,7,ttl,healthy,2401,2401,2400,0.9995835068721366,0.07242092346824888,0.11500000000003752,0.0,0.01372987015121082,0.022378059102073584,1,0,0,0,0,0,,1,0.14664220000850037,0.140625
4,10,7,latest,healthy,2401,2401,2400,0.9995835068721366,0.07242092346824888,0.11500000000003752,0.0,0.01372987015121082,0.022378059102073584,1,0,0,0,0,0,,1,0.14887350000208244,0.140625
4,10,7,latest_no_guard,healthy,2401,2401,2400,0.9995835068721366,0.07242092346824888,0.11500000000003752,0.0,0.01372987015121082,0.022378059102073584,1,0,0,0,0,0,,1,0.14588150000781752,0.140625
4,10,8,no_buffer,healthy,2401,2401,2399,0.9991670137442732,0.07238911107050301,0.11500000000003752,0.0,0.013727945486116406,0.022414936601296384,1,0,0,0,0,0,,2,0.16500999999698251,0.140625
4,10,8,fifo,healthy,2401,2401,2399,0.9991670137442732,0.07238911107050301,0.11500000000003752,0.0,0.013727945486116406,0.022414936601296384,1,0,0,0,0,0,,2,0.14918279999983497,0.15625
4,10,8,ttl,healthy,2401,2401,2399,0.9991670137442732,0.07238911107050301,0.11500000000003752,0.0,0.013727945486116406,0.022414936601296384,1,0,0,0,0,0,,2,0.16287869999359827,0.15625
4,10,8,latest,healthy,2401,2401,2399,0.9991670137442732,0.07238911107050301,0.11500000000003752,0.0,0.013727945486116406,0.022414936601296384,1,0,0,0,0,0,,2,0.15318170000682585,0.15625
4,10,8,latest_no_guard,healthy,2401,2401,2399,0.9991670137442732,0.07238911107050301,0.11500000000003752,0.0,0.013727945486116406,0.022414936601296384,1,0,0,0,0,0,,2,0.18449080000573304,0.171875
4,10,9,no_buffer,healthy,2401,2401,2400,0.9995835068721366,0.07249818214848884,0.11500000000004107,0.0,0.013756225797097465,0.022594771615670313,1,0,0,0,0,0,,1,0.1646791000093799,0.125
4,10,9,fifo,healthy,2401,2401,2400,0.9995835068721366,0.07249818214848884,0.11500000000004107,0.0,0.013756225797097465,0.022594771615670313,1,0,0,0,0,0,,1,0.15115639999567065,0.15625
4,10,9,ttl,healthy,2401,2401,2400,0.9995835068721366,0.07249818214848884,0.11500000000004107,0.0,0.013756225797097465,0.022594771615670313,1,0,0,0,0,0,,1,0.1482488000037847,0.140625
4,10,9,latest,healthy,2401,2401,2400,0.9995835068721366,0.07249818214848884,0.11500000000004107,0.0,0.013756225797097465,0.022594771615670313,1,0,0,0,0,0,,1,0.1588898999907542,0.15625
4,10,9,latest_no_guard,healthy,2401,2401,2400,0.9995835068721366,0.07249818214848884,0.11500000000004107,0.0,0.013756225797097465,0.022594771615670313,1,0,0,0,0,0,,1,0.1666959999856772,0.15625
4,10,0,no_buffer,degraded,2401,2400,2394,0.9970845481049563,0.14936602435899682,0.24999999999977973,0.0,0.02815331321355841,0.10228794148682778,1,0,0,0,266,0,,6,0.24703899999440182,0.21875
4,10,0,fifo,degraded,2401,2401,2395,0.9975010412328197,0.14936602435899682,0.24999999999977973,0.0,0.02815331321355841,0.10231992329426752,1,0,0,0,267,0,,6,0.24441729999671225,0.25
4,10,0,ttl,degraded,2401,2401,2395,0.9975010412328197,0.14936602435899682,0.24999999999977973,0.0,0.02815331321355841,0.10231992329426752,1,0,0,0,267,0,,6,0.2645129000011366,0.265625
4,10,0,latest,degraded,2401,2401,2395,0.9975010412328197,0.14936602435899682,0.24999999999977973,0.0,0.02815331321355841,0.10231992329426752,1,0,0,0,267,0,,6,0.24125000000640284,0.21875
4,10,0,latest_no_guard,degraded,2401,2401,2395,0.9975010412328197,0.16334075622593025,0.27499999999981384,0.0,0.030708588130455468,0.10231992329426752,1,0,0,0,0,267,,6,0.23879170000145677,0.234375
4,10,1,no_buffer,degraded,2401,2400,2395,0.9975010412328197,0.15044764588235623,0.24999999999991118,0.0,0.02822209122354485,0.10395453556144878,1,0,0,0,285,0,,5,0.145882700002403,0.140625
4,10,1,fifo,degraded,2401,2401,2396,0.9979175343606831,0.15044764588235623,0.24999999999991118,0.0,0.02822209122354485,0.10396360518260286,1,0,0,0,285,0,,5,0.15713599999435246,0.15625
4,10,1,ttl,degraded,2401,2401,2396,0.9979175343606831,0.15044764588235623,0.24999999999991118,0.0,0.02822209122354485,0.10396360518260286,1,0,0,0,285,0,,5,0.15265720000024885,0.15625
4,10,1,latest,degraded,2401,2401,2396,0.9979175343606831,0.15044764588235623,0.24999999999991118,0.0,0.02822209122354485,0.10396360518260286,1,0,0,0,285,0,,5,0.15052159999322612,0.140625
4,10,1,latest_no_guard,degraded,2401,2401,2396,0.9979175343606831,0.16607207780382524,0.279999999999788,0.0,0.03129746887969275,0.10396360518260286,1,0,0,0,0,285,,5,0.1457929000025615,0.109375
4,10,2,no_buffer,degraded,2401,2400,2396,0.9979175343606831,0.14802990365367052,0.2499999999994813,0.0,0.02802429669891439,0.10251603961302494,1,0,0,0,296,0,,4,0.1395221999991918,0.125
4,10,2,fifo,degraded,2401,2401,2397,0.9983340274885465,0.14802990365367052,0.2499999999994813,0.0,0.02802429669891439,0.10252026169549605,1,0,0,0,296,0,,4,0.13817599999310914,0.125
4,10,2,ttl,degraded,2401,2401,2397,0.9983340274885465,0.14802990365367052,0.2499999999994813,0.0,0.02802429669891439,0.10252026169549605,1,0,0,0,296,0,,4,0.14246930000081193,0.125
4,10,2,latest,degraded,2401,2401,2397,0.9983340274885465,0.14802990365367052,0.2499999999994813,0.0,0.02802429669891439,0.10252026169549605,1,0,0,0,296,0,,4,0.1617065000027651,0.15625
4,10,2,latest_no_guard,degraded,2401,2401,2397,0.9983340274885465,0.1639406471548523,0.2750000000000199,0.0,0.03107520263701778,0.10252026169549605,1,0,0,0,0,296,,4,0.16031069999735337,0.15625
4,10,3,no_buffer,degraded,2401,2400,2394,0.9970845481049563,0.14734366478800973,0.24500000000004007,0.0,0.027944977077153984,0.10095030472429374,1,0,0,0,317,0,,6,0.1661650999885751,0.171875
4,10,3,fifo,degraded,2401,2401,2395,0.9975010412328197,0.14734366478800973,0.24500000000004007,0.0,0.027944977077153984,0.10091665358139659,1,0,0,0,317,0,,6,0.14689379998890217,0.140625
4,10,3,ttl,degraded,2401,2401,2395,0.9975010412328197,0.14734366478800973,0.24500000000004007,0.0,0.027944977077153984,0.10091665358139659,1,0,0,0,317,0,,6,0.1573974999919301,0.15625
4,10,3,latest,degraded,2401,2401,2395,0.9975010412328197,0.14734366478800973,0.24500000000004007,0.0,0.027944977077153984,0.10091665358139659,1,0,0,0,317,0,,6,0.16153029999986757,0.15625
4,10,3,latest_no_guard,degraded,2401,2401,2395,0.9975010412328197,0.16401336120684284,0.27999999999964587,0.0,0.03108647196059011,0.10091665358139659,1,0,0,0,0,317,,6,0.24421450000954792,0.1875
4,10,4,no_buffer,degraded,2401,2400,2395,0.9975010412328197,0.14865251772383956,0.2499999999997513,0.0,0.028177723786923962,0.10278806669221541,1,0,0,0,294,0,,5,0.14791610000247601,0.140625
4,10,4,fifo,degraded,2401,2401,2396,0.9979175343606831,0.14865251772383956,0.2499999999997513,0.0,0.028177723786923962,0.10279197975332514,1,0,0,0,294,0,,5,0.14729540000553243,0.125
4,10,4,ttl,degraded,2401,2401,2396,0.9979175343606831,0.14865251772383956,0.2499999999997513,0.0,0.028177723786923962,0.10279197975332514,1,0,0,0,294,0,,5,0.14649050000298303,0.140625
4,10,4,latest,degraded,2401,2401,2396,0.9979175343606831,0.14865251772383956,0.2499999999997513,0.0,0.028177723786923962,0.10279197975332514,1,0,0,0,294,0,,5,0.1522843999991892,0.140625
4,10,4,latest_no_guard,degraded,2401,2401,2396,0.9979175343606831,0.16505408107595754,0.279999999999589,0.0,0.031232279912251026,0.10279197975332514,1,0,0,0,0,294,,5,0.15339099999982864,0.15625
4,10,5,no_buffer,degraded,2401,2400,2395,0.9975010412328197,0.14991592437717535,0.24999999999983302,0.0,0.02845939617105645,0.10457643380096221,1,0,0,0,318,0,,5,0.1514850999956252,0.140625
4,10,5,fifo,degraded,2401,2401,2396,0.9979175343606831,0.14991592437717535,0.24999999999983302,0.0,0.02845939617105645,0.10460808778572228,1,0,0,0,319,0,,5,0.14279939999687485,0.125
4,10,5,ttl,degraded,2401,2401,2396,0.9979175343606831,0.14991592437717535,0.24999999999983302,0.0,0.02845939617105645,0.10460808778572228,1,0,0,0,319,0,,5,0.15019539999775589,0.140625
4,10,5,latest,degraded,2401,2401,2396,0.9979175343606831,0.14991592437717535,0.24999999999983302,0.0,0.02845939617105645,0.10460808778572228,1,0,0,0,319,0,,5,0.14953160000732169,0.140625
4,10,5,latest_no_guard,degraded,2401,2401,2396,0.9979175343606831,0.16777176876910427,0.2849999999996342,0.0,0.03186684075545298,0.10460808778572228,1,0,0,0,0,319,,5,0.14625569999043364,0.15625
4,10,6,no_buffer,degraded,2401,2400,2396,0.9979175343606831,0.14850254499160906,0.24500000000002764,0.0,0.028329534962794525,0.10288872265973707,1,0,0,0,305,0,,4,0.14865079999435693,0.109375
4,10,6,fifo,degraded,2401,2401,2397,0.9983340274885465,0.14850254499160906,0.24500000000002764,0.0,0.028329534962794525,0.1028712383852148,1,0,0,0,305,0,,4,0.14915779999864753,0.15625
4,10,6,ttl,degraded,2401,2401,2397,0.9983340274885465,0.14850254499160906,0.24500000000002764,0.0,0.028329534962794525,0.1028712383852148,1,0,0,0,305,0,,4,0.1480633999890415,0.15625
4,10,6,latest,degraded,2401,2401,2397,0.9983340274885465,0.14850254499160906,0.24500000000002764,0.0,0.028329534962794525,0.1028712383852148,1,0,0,0,305,0,,4,0.14523920000647195,0.140625
4,10,6,latest_no_guard,degraded,2401,2401,2397,0.9983340274885465,0.16496318851096936,0.27999999999961034,0.0,0.031517409182496584,0.1028712383852148,1,0,0,0,0,305,,4,0.14646660001017153,0.140625
4,10,7,no_buffer,degraded,2401,2400,2395,0.9975010412328197,0.14682557716757705,0.24500000000001876,0.0,0.027810384869834438,0.10116699764603426,1,0,0,0,299,0,,5,0.14224539999850094,0.140625
4,10,7,fifo,degraded,2401,2401,2396,0.9979175343606831,0.14682557716757705,0.24500000000001876,0.0,0.027810384869834438,0.10119607640701264,1,0,0,0,300,0,,5,0.14436919998843223,0.140625
4,10,7,ttl,degraded,2401,2401,2396,0.9979175343606831,0.14682557716757705,0.24500000000001876,0.0,0.027810384869834438,0.10119607640701264,1,0,0,0,300,0,,5,0.14462740000453778,0.140625
4,10,7,latest,degraded,2401,2401,2396,0.9979175343606831,0.14682557716757705,0.24500000000001876,0.0,0.027810384869834438,0.10119607640701264,1,0,0,0,300,0,,5,0.151326400009566,0.125
4,10,7,latest_no_guard,degraded,2401,2401,2396,0.9979175343606831,0.16350436284290898,0.2799999999995393,0.0,0.030820126094583664,0.10119607640701264,1,0,0,0,0,300,,5,0.1531715000019176,0.140625
4,10,8,no_buffer,degraded,2401,2400,2394,0.9970845481049563,0.1475299945462355,0.24500000000003297,0.0,0.027922268959627128,0.10157534589675107,1,0,0,0,289,0,,6,0.14153170000645332,0.140625
4,10,8,fifo,degraded,2401,2401,2395,0.9975010412328197,0.1475299945462355,0.24500000000003297,0.0,0.027922268959627128,0.1016201504628762,1,0,0,0,289,0,,6,0.14851460000500083,0.140625
4,10,8,ttl,degraded,2401,2401,2395,0.9975010412328197,0.1475299945462355,0.24500000000003297,0.0,0.027922268959627128,0.1016201504628762,1,0,0,0,289,0,,6,0.14739719999488443,0.125
4,10,8,latest,degraded,2401,2401,2395,0.9975010412328197,0.1475299945462355,0.24500000000003297,0.0,0.027922268959627128,0.1016201504628762,1,0,0,0,289,0,,6,0.165561699992395,0.171875
4,10,8,latest_no_guard,degraded,2401,2401,2395,0.9975010412328197,0.16205462643134744,0.2749999999996007,0.0,0.030548427987262067,0.1016201504628762,1,0,0,0,0,289,,6,0.14854989999730606,0.125
4,10,9,no_buffer,degraded,2401,2400,2396,0.9979175343606831,0.1498295764404366,0.24999999999973,0.0,0.028415039625670057,0.10343432418931413,1,0,0,0,282,0,,4,0.1474088999966625,0.15625
4,10,9,fifo,degraded,2401,2401,2397,0.9983340274885465,0.1498295764404366,0.24999999999973,0.0,0.028415039625670057,0.10341622695820471,1,0,0,0,282,0,,4,0.14369820000138134,0.140625
4,10,9,ttl,degraded,2401,2401,2397,0.9983340274885465,0.1498295764404366,0.24999999999973,0.0,0.028415039625670057,0.10341622695820471,1,0,0,0,282,0,,4,0.14808280000579543,0.125
4,10,9,latest,degraded,2401,2401,2397,0.9983340274885465,0.1498295764404366,0.24999999999973,0.0,0.028415039625670057,0.10341622695820471,1,0,0,0,282,0,,4,0.14832309998746496,0.140625
4,10,9,latest_no_guard,degraded,2401,2401,2397,0.9983340274885465,0.16494955462622116,0.27499999999990976,0.0,0.0313033683618761,0.10341622695820471,1,0,0,0,0,282,,4,0.1539206000015838,0.140625
4,10,0,no_buffer,overloaded,2401,1200,1194,0.497292794668888,16.3586188874749,54.5,0.5,0.33824811858931997,0.1968969611113896,1,0,0,0,411,0,,6,0.31649389999802224,0.21875
4,10,0,fifo,overloaded,2401,1200,1196,0.49812578092461474,16.416690147245934,28.814999999999866,1.0,0.8473357673878752,15.176318363604807,1201,0,0,0,129,0,,1205,0.2006530000071507,0.1875
4,10,0,ttl,overloaded,2401,1200,1195,0.49770928779675133,16.4036425195418,53.595000000000006,0.9992274131976004,0.5458498339444509,1.171882152214197,40,0,1161,0,404,0,,45,0.1974631000048248,0.203125
4,10,0,latest,overloaded,2401,1200,1195,0.49770928779675133,0.3471437011450378,0.5499999999997414,0.0,0.06509231479591013,0.2546256570352473,4,1198,0,0,142,0,,8,0.19653529999777675,0.203125
4,10,0,latest_no_guard,overloaded,2401,1200,1195,0.49770928779675133,0.3784198327574722,0.6050000000000093,0.0,0.07107309560708797,0.2546256570352473,4,1198,0,0,0,142,,8,0.21122729999478906,0.203125
4,10,1,no_buffer,overloaded,2401,1200,1194,0.497292794668888,16.360886656971356,54.5,0.5,0.3382292806284124,0.20104993448757885,1,0,0,0,401,0,,6,0.13416319999669213,0.140625
4,10,1,fifo,overloaded,2401,1200,1195,0.49770928779675133,16.41857616796944,28.80499999999986,1.0,0.846769662399965,15.167585850044214,1201,0,0,0,142,0,,1206,0.11264340000343509,0.109375
4,10,1,ttl,overloaded,2401,1200,1194,0.497292794668888,16.40581485184502,53.595000000000006,0.9989547355026359,0.5457566281788591,1.1750163373275204,40,0,1161,0,394,0,,46,0.11051720000978094,0.109375
4,10,1,latest,overloaded,2401,1200,1196,0.49812578092461474,0.3439351936009549,0.5499999999997769,0.0,0.06469958701006866,0.25176563202717545,4,1198,0,0,150,0,,7,0.121190599995316,0.109375
4,10,1,latest_no_guard,overloaded,2401,1200,1196,0.49812578092461474,0.37669287402269674,0.6099999999998573,0.0,0.07110584313735238,0.25176563202717545,4,1198,0,0,0,150,,7,0.11835099999734666,0.109375
4,10,2,no_buffer,overloaded,2401,1200,1197,0.49854227405247814,16.357964461006986,54.5,0.5,0.3378889570473734,0.1992931333089053,1,0,0,0,393,0,,3,0.11381879998953082,0.09375
4,10,2,fifo,overloaded,2401,1200,1194,0.497292794668888,16.41766269769131,28.774999999999867,1.0,0.8466813951927881,15.156801074245132,1201,0,0,0,147,0,,1207,0.11676879999868106,0.125
4,10,2,ttl,overloaded,2401,1200,1196,0.49812578092461474,16.40257453190319,53.595000000000006,0.9992728594800945,0.5453476786403715,1.1738036882037248,40,0,1161,0,383,0,,44,0.11864570000034291,0.125
4,10,2,latest,overloaded,2401,1200,1198,0.49895876718034154,0.3442351390654159,0.549999999999514,0.0,0.06515745899372444,0.2543286850202378,4,1198,0,0,159,0,,5,0.12123870001232717,0.078125
4,10,2,latest_no_guard,overloaded,2401,1200,1198,0.49895876718034154,0.3764656426102263,0.609999999999637,0.0,0.07137910157925423,0.2543286850202378,4,1198,0,0,0,159,,5,0.11792030000651721,0.109375
4,10,3,no_buffer,overloaded,2401,1200,1195,0.49770928779675133,16.358332575895187,54.5,0.5,0.33814545256621675,0.19681975428138676,1,0,0,0,398,0,,5,0.11418960000446532,0.109375
4,10,3,fifo,overloaded,2401,1200,1195,0.49770928779675133,16.41187738592981,28.809999999999867,1.0,0.8464324491814069,15.156774919256822,1201,0,0,0,163,0,,1206,0.11696239998855162,0.109375
4,10,3,ttl,overloaded,2401,1200,1196,0.49812578092461474,16.403174422832112,53.595000000000006,0.9993183057625886,0.5457275301435822,1.1705539959579094,40,0,1161,0,390,0,,44,0.11601109999173786,0.109375
4,10,3,latest,overloaded,2401,1200,1195,0.49770928779675133,0.34306262497706835,0.5499999999994643,0.0,0.064865565221997,0.2514326340451183,4,1198,0,0,141,0,,8,0.1244038000004366,0.109375
4,10,3,latest_no_guard,overloaded,2401,1200,1195,0.49770928779675133,0.3766746955096991,0.6150000000000198,0.0,0.07096165755149861,0.2514326340451183,4,1198,0,0,0,141,,8,0.12247050000587478,0.109375
4,10,4,no_buffer,overloaded,2401,1200,1194,0.497292794668888,16.3578463006725,54.5,0.5,0.33805779516433954,0.199386921979216,1,0,0,0,408,0,,6,0.1151250999973854,0.109375
4,10,4,fifo,overloaded,2401,1200,1196,0.49812578092461474,16.416749227413177,28.79499999999987,1.0,0.8463233672432376,15.178670576467638,1201,0,0,0,141,0,,1205,0.11529899999732152,0.109375
4,10,4,ttl,overloaded,2401,1200,1195,0.49770928779675133,16.402938102163144,53.595000000000006,0.9990456280676241,0.5457004777351154,1.173930607877152,40,0,1161,0,401,0,,45,0.11667149999993853,0.125
4,10,4,latest,overloaded,2401,1200,1197,0.49854227405247814,0.34053581167039676,0.544999999999888,0.0,0.06483513768632779,0.2526721801583002,4,1198,0,0,163,0,,6,0.12273050000658259,0.109375
4,10,4,latest_no_guard,overloaded,2401,1200,1197,0.49854227405247814,0.3775381748770868,0.6249999999996874,0.0,0.07207121070013685,0.2526721801583002,4,1198,0,0,0,163,,6,0.121904400002677,0.109375
4,10,5,no_buffer,overloaded,2401,1200,1196,0.49812578092461474,16.360277676785934,54.5,0.5,0.3384724317503042,0.20329694181116287,1,0,0,0,409,0,,4,0.12062850000802428,0.09375
4,10,5,fifo,overloaded,2401,1200,1195,0.49770928779675133,16.41788538447553,28.81499999999986,1.0,0.8464094534150702,15.168957354202169,1201,0,0,0,157,0,,1206,0.12185049999970943,0.078125
4,10,5,ttl,overloaded,2401,1200,1196,0.49812578092461474,16.405714870023534,53.595000000000006,0.9993637520450828,0.5461249989440712,1.1779702719712197,40,0,1161,0,399,0,,44,0.11672350000299048,0.109375
4,10,5,latest,overloaded,2401,1200,1197,0.49854227405247814,0.3496068896562176,0.5549999999997794,0.0,0.06632512007151739,0.25815602561479456,4,1198,0,0,139,0,,6,0.11488540000573266,0.09375
4,10,5,latest_no_guard,overloaded,2401,1200,1197,0.49854227405247814,0.38036493364821944,0.6149999999995686,0.0,0.07182226480746579,0.25815602561479456,4,1198,0,0,0,139,,6,0.12084049999248236,0.125
4,10,6,no_buffer,overloaded,2401,1200,1196,0.49812578092461474,16.358587075077153,54.5,0.5,0.33855350384782174,0.20084230633582378,1,0,0,0,415,0,,4,0.11551200000394601,0.109375
4,10,6,fifo,overloaded,2401,1200,1195,0.49770928779675133,16.41849436466095,28.78499999999986,1.0,0.8459828594669523,15.1672452332887,1201,0,0,0,140,0,,1206,0.1187902999954531,0.109375
4,10,6,ttl,overloaded,2401,1200,1197,0.49854227405247814,16.403692510452547,53.595000000000006,0.9989092892201418,0.546148914607777,1.1749383069642076,40,0,1161,0,406,0,,43,0.12628270000277553,0.140625
4,10,6,latest,overloaded,2401,1200,1198,0.49895876718034154,0.3442442283219147,0.5499999999995637,0.0,0.0654438626734746,0.2532229483484473,4,1198,0,0,159,0,,5,0.1180478000023868,0.109375
4,10,6,latest_no_guard,overloaded,2401,1200,1198,0.49895876718034154,0.3775109071075904,0.6149999999998847,0.0,0.07159641614443099,0.2532229483484473,4,1198,0,0,0,159,,5,0.12055910000344738,0.109375
4,10,7,no_buffer,overloaded,2401,1200,1195,0.49770928779675133,16.356301127067702,54.5,0.5,0.3378950207894788,0.19561671210837675,1,0,0,0,397,0,,5,0.1144161999982316,0.109375
4,10,7,fifo,overloaded,2401,1200,1195,0.49770928779675133,16.41571305217231,28.774999999999867,1.0,0.845976555266398,15.165672915221414,1201,0,0,0,149,0,,1206,0.11746579999453388,0.125
4,10,7,ttl,overloaded,2401,1200,1194,0.497292794668888,16.40111116160688,53.595000000000006,0.9989092892201418,0.5454539593893343,1.1709993267139844,40,0,1161,0,391,0,,46,0.11247579999326263,0.109375
4,10,7,latest,overloaded,2401,1200,1195,0.49770928779675133,0.3394269223775409,0.5450000000000319,0.0,0.0640433978951583,0.24771668640220085,4,1198,0,0,150,0,,8,0.11831229999370407,0.125
4,10,7,latest_no_guard,overloaded,2401,1200,1195,0.49770928779675133,0.3713847482273867,0.6049999999996984,0.0,0.0702520749518103,0.24771668640220085,4,1198,0,0,0,150,,8,0.11618569999700412,0.109375
4,10,8,no_buffer,overloaded,2401,1200,1194,0.497292794668888,16.357964461006986,54.5,0.5,0.3381384358423516,0.19734057172108516,1,0,0,0,375,0,,6,0.10979170000064187,0.109375
4,10,8,fifo,overloaded,2401,1200,1197,0.49854227405247814,16.41709461916013,28.779999999999866,1.0,0.846042497358574,15.192135106200368,1201,0,0,0,156,0,,1204,0.11266840000462253,0.125
4,10,8,ttl,overloaded,2401,1200,1197,0.49854227405247814,16.403406198872833,53.595000000000006,0.99900018178513,0.5458919273958864,1.1723385769068706,40,0,1161,0,368,0,,43,0.10796799999661744,0.109375
4,10,8,latest,overloaded,2401,1200,1196,0.49812578092461474,0.34258089438263095,0.544999999999952,0.0,0.06512824021968001,0.25122723508202,4,1198,0,0,154,0,,7,0.10876559998723678,0.109375
4,10,8,latest_no_guard,overloaded,2401,1200,1196,0.49812578092461474,0.3758203053988102,0.6099999999998218,0.0,0.07081203082064817,0.25122723508202,4,1198,0,0,0,154,,7,0.1109130999975605,0.109375
4,10,9,no_buffer,overloaded,2401,1200,1196,0.49812578092461474,16.35892792219586,54.5,0.5,0.3381806569948457,0.19844341340172292,1,0,0,0,399,0,,4,0.10790699999779463,0.109375
4,10,9,fifo,overloaded,2401,1200,1195,0.49770928779675133,16.41704917287764,28.79999999999987,1.0,0.8456435263368993,15.166894720286162,1201,0,0,0,142,0,,1206,0.11160289999679662,0.109375
4,10,9,ttl,overloaded,2401,1200,1195,0.49770928779675133,16.40381067078703,53.595000000000006,0.9993183057625886,0.5457157664782166,1.1724842888786229,40,0,1161,0,391,0,,45,0.11060499999439344,0.09375
4,10,9,latest,overloaded,2401,1200,1196,0.49812578092461474,0.34149927285927156,0.5399999999997291,0.0,0.06491160148419792,0.25132339136986237,4,1198,0,0,161,0,,7,0.11025859999062959,0.109375
4,10,9,latest_no_guard,overloaded,2401,1200,1196,0.49812578092461474,0.3779653699325313,0.6199999999996635,0.0,0.07122771758300696,0.25132339136986237,4,1198,0,0,0,161,,7,0.11204239999642596,0.125
4,10,0,no_buffer,outage,2401,1801,1799,0.749271137026239,2.1649768223957464,12.414999999999985,0.25749863661152517,0.2569340696259187,0.051736597753954644,1,0,0,0,0,0,0.14000000000000057,2,0.2179595000052359,0.21875
4,10,0,fifo,outage,2401,2401,2399,0.9991670137442732,3.169071532448478,13.259999999999948,0.38438465733503,0.3814656767658996,2.866715719322076,601,0,0,0,213,0,7.119999999999997,2,0.2564481000008527,0.21875
4,10,0,ttl,outage,2401,1841,1839,0.7659308621407747,2.154306035266133,12.359999999999985,0.2572714051990547,0.2568275732794498,0.06820837557542843,41,0,560,0,19,0,0.11999999999999744,2,0.22212239999498706,0.203125
4,10,0,latest,outage,2401,1804,1802,0.7505206164098293,2.1567964915468094,12.384999999999984,0.25695328122159605,0.25647774885120095,0.051858218457314066,4,597,0,0,1,0,0.10000000000000142,2,0.2304026000056183,0.234375
4,10,0,latest_no_guard,outage,2401,1804,1802,0.7505206164098293,2.156860116342301,12.384999999999984,0.25695328122159605,0.25648684797557963,0.051858218457314066,4,597,0,0,0,1,0.10000000000000142,2,0.2283666000002995,0.203125
4,10,1,no_buffer,outage,2401,1801,1798,0.7488546438983756,2.1607503181237955,12.394999999999985,0.25718051263406655,0.2567757281653624,0.05258069806123368,1,0,0,0,0,0,0.10999999999999943,3,0.13563319999957457,0.140625
4,10,1,fifo,outage,2401,2401,2398,0.9987505206164098,3.1698486638791272,13.259999999999984,0.38465733502999455,0.3815803780895436,2.8687240665478893,601,0,0,0,217,0,7.149999999999999,3,0.15183269999397453,0.140625
4,10,1,ttl,outage,2401,1841,1838,0.7655143690129113,2.1490569896380656,12.334999999999987,0.25695328122159605,0.25672640229067517,0.06893835371485753,41,0,560,0,14,0,0.14000000000000057,3,0.13685850000183564,0.140625
4,10,1,latest,outage,2401,1804,1801,0.7501041232819659,2.1559784584619157,12.379999999999981,0.2568623886566079,0.2564039539013979,0.052698498683903965,4,597,0,0,1,0,0.10000000000000142,3,0.1388952999986941,0.125
4,10,1,latest_no_guard,outage,2401,1804,1801,0.7501041232819659,2.156046627885657,12.379999999999981,0.2568623886566079,0.25642435893629945,0.052698498683903965,4,597,0,0,0,1,0.10000000000000142,3,0.14159260000451468,0.140625
4,10,2,no_buffer,outage,2401,1801,1797,0.7484381507705122,2.164531448827304,12.414999999999985,0.25749863661152517,0.25689532257203734,0.05177784201382295,1,0,0,0,0,0,0.14999999999999858,4,0.13965450000250712,0.125
4,10,2,fifo,outage,2401,2401,2397,0.9983340274885465,3.1687170514450242,13.264999999999986,0.38438465733503,0.38139947237554755,2.8691491587992575,601,0,0,0,218,0,7.119999999999997,4,0.15097119999700226,0.140625
4,10,2,ttl,outage,2401,1841,1837,0.7650978758850479,2.157055535357026,12.36999999999999,0.25758952917651334,0.2572118859224716,0.06828228996392165,41,0,560,0,17,0,0.1700000000000017,4,0.13429630000609905,0.140625
4,10,2,latest,outage,2401,1804,1800,0.7496876301541024,2.1577145064531904,12.389999999999986,0.2570441737865843,0.2564608353345461,0.05190957956531921,4,597,0,0,0,0,0.11999999999999744,4,0.14244219999818597,0.125
4,10,2,latest_no_guard,outage,2401,1804,1800,0.7496876301541024,2.1577145064531904,12.389999999999986,0.2570441737865843,0.2564608353345461,0.05190957956531921,4,597,0,0,0,0,0.11999999999999744,4,0.1360178999893833,0.125
4,10,3,no_buffer,outage,2401,1801,1798,0.7488546438983756,2.1574281948734773,12.384999999999987,0.25699872750409014,0.25662798896959627,0.05159921621768594,1,0,0,0,0,0,0.10999999999999943,3,0.13340349998907186,0.125
4,10,3,fifo,outage,2401,2401,2398,0.9987505206164098,3.1680808034901067,13.25499999999995,0.3844301036175241,0.3815900213225108,2.867194601874352,601,0,0,0,226,0,7.130000000000003,3,0.14387060000444762,0.140625
4,10,3,ttl,outage,2401,1841,1838,0.7655143690129113,2.1547877658605707,12.359999999999985,0.2566806035266315,0.25710825642933144,0.06796193160900935,41,0,560,0,14,0,0.0799999999999983,3,0.13414569999440573,0.125
4,10,3,latest,outage,2401,1804,1801,0.7501041232819659,2.145839392837484,12.344999999999985,0.2562261407016906,0.2558586955778668,0.051649327199889065,4,597,0,0,0,0,0.060000000000002274,3,0.13091189999249764,0.125
4,10,3,latest_no_guard,outage,2401,1804,1801,0.7501041232819659,2.145839392837484,12.344999999999985,0.2562261407016906,0.2558586955778668,0.051649327199889065,4,597,0,0,0,0,0.060000000000002274,3,0.13485519999812823,0.109375
4,10,4,no_buffer,outage,2401,1801,1798,0.7488546438983756,2.1623000363568443,12.399999999999984,0.2572714051990547,0.25695140352663665,0.053230311119745216,1,0,0,0,0,0,0.14000000000000057,3,0.13307939999504015,0.140625
4,10,4,fifo,outage,2401,2401,2398,0.9987505206164098,3.1687761316122667,13.274999999999988,0.3842028722050536,0.381588008947842,2.8681322224110537,601,0,0,0,230,0,7.130000000000003,3,0.14802290000079665,0.15625
4,10,4,ttl,outage,2401,1841,1838,0.7655143690129113,2.1551104344662786,12.359999999999985,0.25722595891656064,0.2570049070720252,0.06970460354604488,41,0,560,0,14,0,0.14999999999999858,3,0.14966930000809953,0.140625
4,10,4,latest,outage,2401,1804,1801,0.7501041232819659,2.154801399745319,12.374999999999982,0.2567714960916197,0.2565389330931947,0.05335590721689998,4,597,0,0,1,0,0.10999999999999943,3,0.13411690000793897,0.140625
4,10,4,latest_no_guard,outage,2401,1804,1801,0.7501041232819659,2.1548423013995635,12.374999999999982,0.2567714960916197,0.2565447825302953,0.05335590721689998,4,597,0,0,0,1,0.10999999999999943,3,0.14078729999891948,0.140625
4,10,5,no_buffer,outage,2401,1801,1798,0.7488546438983756,2.163449827303945,12.404999999999983,0.2573168514815488,0.257144840408476,0.0535690409540352,1,0,0,0,0,0,0.1700000000000017,3,0.13307910000730772,0.125
4,10,5,fifo,outage,2401,2401,2398,0.9987505206164098,3.169871387020374,13.249999999999943,0.38465733502999455,0.38155976686474885,2.869040172221448,601,0,0,0,215,0,7.149999999999999,3,0.15717400000721682,0.140625
4,10,5,ttl,outage,2401,1841,1838,0.7655143690129113,2.1548423013995635,12.354999999999986,0.2568169423741138,0.2573049968487667,0.06995182138312454,41,0,560,0,14,0,0.10000000000000142,3,0.13757560000522062,0.125
4,10,5,latest,outage,2401,1804,1801,0.7501041232819659,2.151861025267951,12.359999999999985,0.25654426467914926,0.2565731098309098,0.05365857510738995,4,597,0,0,0,0,0.07000000000000028,3,0.13943419999850448,0.140625
4,10,5,latest_no_guard,outage,2401,1804,1801,0.7501041232819659,2.151861025267951,12.359999999999985,0.25654426467914926,0.2565731098309098,0.05365857510738995,4,597,0,0,0,0,0.07000000000000028,3,0.13926599999831524,0.109375
4,10,6,no_buffer,outage,2401,1801,1798,0.7488546438983756,2.160745773495546,12.394999999999985,0.25718051263406655,0.2571075050018088,0.052821247848520415,1,0,0,0,0,0,0.11999999999999744,3,0.13044959999388084,0.109375
4,10,6,fifo,outage,2401,2401,2398,0.9987505206164098,3.168662515906031,13.264999999999983,0.38461188874750046,0.3817638179850214,2.868154146283764,601,0,0,0,238,0,7.149999999999999,3,0.17993299999216106,0.125
4,10,6,ttl,outage,2401,1841,1838,0.7655143690129113,2.1630908016722414,12.389999999999986,0.25758952917651334,0.2575383458625087,0.06920322745035633,41,0,560,0,13,0,0.1700000000000017,3,0.1338069000048563,0.125
4,10,6,latest,outage,2401,1804,1801,0.7501041232819659,2.1491569714595524,12.354999999999983,0.256407925831667,0.2564309836080238,0.052910548849100646,4,597,0,0,0,0,0.09000000000000341,3,0.137789000000339,0.140625
4,10,6,latest_no_guard,outage,2401,1804,1801,0.7501041232819659,2.1491569714595524,12.354999999999983,0.256407925831667,0.2564309836080238,0.052910548849100646,4,597,0,0,0,0,0.09000000000000341,3,0.13914899999508634,0.125
4,10,7,no_buffer,outage,2401,1801,1798,0.7488546438983756,2.1570737138700236,12.384999999999987,0.25699872750409014,0.2566273914920197,0.05167423305755991,1,0,0,0,0,0,0.10999999999999943,3,0.13831890000437852,0.140625
4,10,7,fifo,outage,2401,2401,2398,0.9987505206164098,3.1677899472821447,13.269999999999982,0.38465733502999455,0.38125504416137196,2.867324549181003,601,0,0,0,230,0,7.140000000000001,3,0.15101650000724476,0.140625
4,10,7,ttl,outage,2401,1841,1838,0.7655143690129113,2.1544332848571166,12.359999999999985,0.2567714960916197,0.2570123933780249,0.06804918982686509,41,0,560,0,14,0,0.09000000000000341,3,0.13589620000857394,0.109375
4,10,7,latest,outage,2401,1804,1801,0.7501041232819659,2.1495750772584983,12.359999999999985,0.25649881839665517,0.2563260833814115,0.05177959295876554,4,597,0,0,1,0,0.09000000000000341,3,0.13510300000780262,0.125
4,10,7,latest_no_guard,outage,2401,1804,1801,0.7501041232819659,2.1496114342844934,12.359999999999985,0.25649881839665517,0.25633128288105644,0.05177959295876554,4,597,0,0,0,1,0.09000000000000341,3,0.13239270000485703,0.140625
4,10,8,no_buffer,outage,2401,1801,1799,0.749271137026239,2.157978094891656,12.389999999999986,0.2570441737865843,0.25653475086894323,0.051850445122819236,1,0,0,0,0,0,0.10000000000000142,2,0.13465619999624323,0.125
4,10,8,fifo,outage,2401,2401,2399,0.9991670137442732,3.1682716778765823,13.259999999999941,0.3842937647700418,0.3813596555983085,2.866372307017263,601,0,0,0,224,0,7.130000000000003,2,0.14707920000364538,0.15625
4,10,8,ttl,outage,2401,1841,1839,0.7659308621407747,2.150274950008907,12.344999999999985,0.25695328122159605,0.2568138954109643,0.0682046893236311,41,0,560,0,11,0,0.1600000000000037,2,0.13384960000985302,0.140625
4,10,8,latest,outage,2401,1804,1802,0.7505206164098293,2.154569623704599,12.374999999999986,0.2568169423741138,0.2563637231317223,0.051958255667845586,4,597,0,0,1,0,0.09000000000000341,2,0.13169229999766685,0.125
4,10,8,latest_no_guard,outage,2401,1804,1802,0.7505206164098293,2.1545968914740956,12.374999999999986,0.2568169423741138,0.256367622756456,0.051958255667845586,4,597,0,0,0,1,0.09000000000000341,2,0.14097380000748672,0.140625
4,10,9,no_buffer,outage,2401,1801,1798,0.7488546438983756,2.158900654426286,12.389999999999986,0.2570441737865843,0.25666998918041417,0.052898960859531816,1,0,0,0,0,0,0.14999999999999858,3,0.13462019999860786,0.140625
4,10,9,fifo,outage,2401,2401,2398,0.9987505206164098,3.1693214870021955,13.259999999999984,0.3841574259225595,0.3814932071737096,2.8684298630937635,601,0,0,0,234,0,7.100000000000001,3,0.15050439999322407,0.140625
4,10,9,ttl,outage,2401,1841,1838,0.7655143690129113,2.152583621159607,12.34999999999998,0.25713506635157246,0.2570605545121802,0.06936340476321103,41,0,560,0,12,0,0.11999999999999744,3,0.13876950000121724,0.125
4,10,9,latest,outage,2401,1804,1801,0.7501041232819659,2.1527654062895833,12.364999999999988,0.25663515724413744,0.2565144157916027,0.053010986382938594,4,597,0,0,2,0,0.07000000000000028,3,0.13941020000493154,0.125
4,10,9,latest_no_guard,outage,2401,1804,1801,0.7501041232819659,2.1528517542263224,12.364999999999988,0.25663515724413744,0.2565352893817133,0.053010986382938594,4,597,0,0,0,2,0.07000000000000028,3,0.13579400000162423,0.125
16,2,0,no_buffer,healthy,1921,1921,1920,0.9994794377928162,0.2744415788038545,0.5,0.0,0.0523382715016392,0.02445926384186139,1,0,0,0,0,0,,1,0.3514026000048034,0.34375
16,2,0,fifo,healthy,1921,1921,1920,0.9994794377928162,0.2744415788038545,0.5,0.0,0.0523382715016392,0.02445926384186139,1,0,0,0,0,0,,1,0.35460259999672417,0.34375
16,2,0,ttl,healthy,1921,1921,1920,0.9994794377928162,0.2744415788038545,0.5,0.0,0.0523382715016392,0.02445926384186139,1,0,0,0,0,0,,1,0.35854380000091624,0.34375
16,2,0,latest,healthy,1921,1921,1920,0.9994794377928162,0.2744415788038545,0.5,0.0,0.0523382715016392,0.02445926384186139,1,0,0,0,0,0,,1,0.3835509000055026,0.375
16,2,0,latest_no_guard,healthy,1921,1921,1920,0.9994794377928162,0.2744415788038545,0.5,0.0,0.0523382715016392,0.02445926384186139,1,0,0,0,0,0,,1,0.3597624999965774,0.34375
16,2,1,no_buffer,healthy,1921,1921,1920,0.9994794377928162,0.2744018133066722,0.5,0.0,0.052318918372187315,0.024443443960614618,1,0,0,0,0,0,,1,0.3140440999995917,0.265625
16,2,1,fifo,healthy,1921,1921,1920,0.9994794377928162,0.2744018133066722,0.5,0.0,0.052318918372187315,0.024443443960614618,1,0,0,0,0,0,,1,0.30519790000107605,0.296875
16,2,1,ttl,healthy,1921,1921,1920,0.9994794377928162,0.2744018133066722,0.5,0.0,0.052318918372187315,0.024443443960614618,1,0,0,0,0,0,,1,0.2999783999985084,0.25
16,2,1,latest,healthy,1921,1921,1920,0.9994794377928162,0.2744018133066722,0.5,0.0,0.052318918372187315,0.024443443960614618,1,0,0,0,0,0,,1,0.30195930000627413,0.28125
16,2,1,latest_no_guard,healthy,1921,1921,1920,0.9994794377928162,0.2744018133066722,0.5,0.0,0.052318918372187315,0.024443443960614618,1,0,0,0,0,0,,1,0.291362099989783,0.28125
16,2,2,no_buffer,healthy,1921,1921,1920,0.9994794377928162,0.27436772859480163,0.49875000000000114,0.0,0.052335081878773684,0.024451334531717658,1,0,0,0,0,0,,1,0.28624970000237226,0.28125
16,2,2,fifo,healthy,1921,1921,1920,0.9994794377928162,0.27436772859480163,0.49875000000000114,0.0,0.052335081878773684,0.024451334531717658,1,0,0,0,0,0,,1,0.28947360000165645,0.28125
16,2,2,ttl,healthy,1921,1921,1920,0.9994794377928162,0.27436772859480163,0.49875000000000114,0.0,0.052335081878773684,0.024451334531717658,1,0,0,0,0,0,,1,0.27289169999130536,0.265625
16,2,2,latest,healthy,1921,1921,1920,0.9994794377928162,0.27436772859480163,0.49875000000000114,0.0,0.052335081878773684,0.024451334531717658,1,0,0,0,0,0,,1,0.28127089999907184,0.265625
16,2,2,latest_no_guard,healthy,1921,1921,1920,0.9994794377928162,0.27436772859480163,0.49875000000000114,0.0,0.052335081878773684,0.024451334531717658,1,0,0,0,0,0,,1,0.2816161000082502,0.296875
16,2,3,no_buffer,healthy,1921,1921,1920,0.9994794377928162,0.27432228231230754,0.49875000000000114,0.0,0.05232168674358087,0.024384785670131578,1,0,0,0,0,0,,1,0.28336180000042077,0.28125
16,2,3,fifo,healthy,1921,1921,1920,0.9994794377928162,0.27432228231230754,0.49875000000000114,0.0,0.05232168674358087,0.024384785670131578,1,0,0,0,0,0,,1,0.27627340001345146,0.25
16,2,3,ttl,healthy,1921,1921,1920,0.9994794377928162,0.27432228231230754,0.49875000000000114,0.0,0.05232168674358087,0.024384785670131578,1,0,0,0,0,0,,1,0.27825069999380503,0.28125
16,2,3,latest,healthy,1921,1921,1920,0.9994794377928162,0.27432228231230754,0.49875000000000114,0.0,0.05232168674358087,0.024384785670131578,1,0,0,0,0,0,,1,0.2819364000024507,0.28125
16,2,3,latest_no_guard,healthy,1921,1921,1920,0.9994794377928162,0.27432228231230754,0.49875000000000114,0.0,0.05232168674358087,0.024384785670131578,1,0,0,0,0,0,,1,0.27836070000194013,0.28125
16,2,4,no_buffer,healthy,1921,1921,1920,0.9994794377928162,0.2744983866569721,0.5,0.0,0.052340019085944815,0.024413545660015894,1,0,0,0,0,0,,1,0.2769484000018565,0.25
16,2,4,fifo,healthy,1921,1921,1920,0.9994794377928162,0.2744983866569721,0.5,0.0,0.052340019085944815,0.024413545660015894,1,0,0,0,0,0,,1,0.2772129999939352,0.25
16,2,4,ttl,healthy,1921,1921,1920,0.9994794377928162,0.2744983866569721,0.5,0.0,0.052340019085944815,0.024413545660015894,1,0,0,0,0,0,,1,0.2891964000009466,0.28125
16,2,4,latest,healthy,1921,1921,1920,0.9994794377928162,0.2744983866569721,0.5,0.0,0.052340019085944815,0.024413545660015894,1,0,0,0,0,0,,1,0.3001587000035215,0.296875
16,2,4,latest_no_guard,healthy,1921,1921,1920,0.9994794377928162,0.2744983866569721,0.5,0.0,0.052340019085944815,0.024413545660015894,1,0,0,0,0,0,,1,0.3184197999944445,0.28125
16,2,5,no_buffer,healthy,1921,1921,1920,0.9994794377928162,0.2744131748772957,0.5,0.0,0.05231619804260199,0.024448707959925722,1,0,0,0,0,0,,1,0.28669690000242554,0.28125
16,2,5,fifo,healthy,1921,1921,1920,0.9994794377928162,0.2744131748772957,0.5,0.0,0.05231619804260199,0.024448707959925722,1,0,0,0,0,0,,1,0.2768467999994755,0.28125
16,2,5,ttl,healthy,1921,1921,1920,0.9994794377928162,0.2744131748772957,0.5,0.0,0.05231619804260199,0.024448707959925722,1,0,0,0,0,0,,1,0.2861336000059964,0.28125
16,2,5,latest,healthy,1921,1921,1920,0.9994794377928162,0.2744131748772957,0.5,0.0,0.05231619804260199,0.024448707959925722,1,0,0,0,0,0,,1,0.28088459999707993,0.265625
16,2,5,latest_no_guard,healthy,1921,1921,1920,0.9994794377928162,0.2744131748772957,0.5,0.0,0.05231619804260199,0.024448707959925722,1,0,0,0,0,0,,1,0.28302180000173394,0.28125
16,2,6,no_buffer,healthy,1921,1921,1920,0.9994794377928162,0.2744018133066722,0.5,0.0,0.05234581238225872,0.02439563282690602,1,0,0,0,0,0,,1,0.28541179999592714,0.28125
16,2,6,fifo,healthy,1921,1921,1920,0.9994794377928162,0.2744018133066722,0.5,0.0,0.05234581238225872,0.02439563282690602,1,0,0,0,0,0,,1,0.27456330000131857,0.265625
16,2,6,ttl,healthy,1921,1921,1920,0.9994794377928162,0.2744018133066722,0.5,0.0,0.05234581238225872,0.02439563282690602,1,0,0,0,0,0,,1,0.2972208999999566,0.296875
16,2,6,latest,healthy,1921,1921,1920,0.9994794377928162,0.2744018133066722,0.5,0.0,0.05234581238225872,0.02439563282690602,1,0,0,0,0,0,,1,0.2884323000034783,0.296875
16,2,6,latest_no_guard,healthy,1921,1921,1920,0.9994794377928162,0.2744018133066722,0.5,0.0,0.05234581238225872,0.02439563282690602,1,0,0,0,0,0,,1,0.28456699999514967,0.265625
16,2,7,no_buffer,healthy,1921,1921,1920,0.9994794377928162,0.27423138974731937,0.49875000000000114,0.0,0.05229339891530804,0.024266042867734258,1,0,0,0,0,0,,1,0.3087801999936346,0.296875
16,2,7,fifo,healthy,1921,1921,1920,0.9994794377928162,0.27423138974731937,0.49875000000000114,0.0,0.05229339891530804,0.024266042867734258,1,0,0,0,0,0,,1,0.28063639999891166,0.28125
16,2,7,ttl,healthy,1921,1921,1920,0.9994794377928162,0.27423138974731937,0.49875000000000114,0.0,0.05229339891530804,0.024266042867734258,1,0,0,0,0,0,,1,0.2818241000059061,0.28125
16,2,7,latest,healthy,1921,1921,1920,0.9994794377928162,0.27423138974731937,0.49875000000000114,0.0,0.05229339891530804,0.024266042867734258,1,0,0,0,0,0,,1,0.2977201000030618,0.28125
16,2,7,latest_no_guard,healthy,1921,1921,1920,0.9994794377928162,0.27423138974731937,0.49875000000000114,0.0,0.05229339891530804,0.024266042867734258,1,0,0,0,0,0,,1,0.30583260000275914,0.296875
16,2,8,no_buffer,healthy,1921,1921,1920,0.9994794377928162,0.2743506862388663,0.49875000000000114,0.0,0.05230059805883155,0.024297721212956244,1,0,0,0,0,0,,1,0.29935509999631904,0.296875
16,2,8,fifo,healthy,1921,1921,1920,0.9994794377928162,0.2743506862388663,0.49875000000000114,0.0,0.05230059805883155,0.024297721212956244,1,0,0,0,0,0,,1,0.2884912999870721,0.265625
16,2,8,ttl,healthy,1921,1921,1920,0.9994794377928162,0.2743506862388663,0.49875000000000114,0.0,0.05230059805883155,0.024297721212956244,1,0,0,0,0,0,,1,0.28942950000055134,0.265625
16,2,8,latest,healthy,1921,1921,1920,0.9994794377928162,0.2743506862388663,0.49875000000000114,0.0,0.05230059805883155,0.024297721212956244,1,0,0,0,0,0,,1,0.30152750000706874,0.296875
16,2,8,latest_no_guard,healthy,1921,1921,1920,0.9994794377928162,0.2743506862388663,0.49875000000000114,0.0,0.05230059805883155,0.024297721212956244,1,0,0,0,0,0,,1,0.2978656999912346,0.296875
16,2,9,no_buffer,healthy,1921,1921,1920,0.9994794377928162,0.27449270587166036,0.5,0.0,0.05232739473676238,0.024425068781739924,1,0,0,0,0,0,,1,0.29140539999934845,0.296875
16,2,9,fifo,healthy,1921,1921,1920,0.9994794377928162,0.27449270587166036,0.5,0.0,0.05232739473676238,0.024425068781739924,1,0,0,0,0,0,,1,0.2944349000026705,0.296875
16,2,9,ttl,healthy,1921,1921,1920,0.9994794377928162,0.27449270587166036,0.5,0.0,0.05232739473676238,0.024425068781739924,1,0,0,0,0,0,,1,0.30647989999852143,0.3125
16,2,9,latest,healthy,1921,1921,1920,0.9994794377928162,0.27449270587166036,0.5,0.0,0.05232739473676238,0.024425068781739924,1,0,0,0,0,0,,1,0.34752680000383407,0.28125
16,2,9,latest_no_guard,healthy,1921,1921,1920,0.9994794377928162,0.27449270587166036,0.5,0.0,0.05232739473676238,0.024425068781739924,1,0,0,0,0,0,,1,0.33175979999941774,0.328125
16,2,0,no_buffer,degraded,1921,1920,1916,0.9973971889640812,0.35508032630430897,0.6037500000000016,0.0,0.06766346246278845,0.10515167370961508,1,0,0,0,0,0,,4,0.36917069999617524,0.375
16,2,0,fifo,degraded,1921,1921,1917,0.9979177511712649,0.35508032630430897,0.6037500000000016,0.0,0.06766346246278845,0.10519013625348331,1,0,0,0,0,0,,4,0.3552048999990802,0.328125
16,2,0,ttl,degraded,1921,1921,1917,0.9979177511712649,0.35508032630430897,0.6037500000000016,0.0,0.06766346246278845,0.10519013625348331,1,0,0,0,0,0,,4,0.3520543000049656,0.359375
16,2,0,latest,degraded,1921,1921,1917,0.9979177511712649,0.35508032630430897,0.6037500000000016,0.0,0.06766346246278845,0.10519013625348331,1,0,0,0,0,0,,4,0.3463256000104593,0.34375
16,2,0,latest_no_guard,degraded,1921,1921,1917,0.9979177511712649,0.35508032630430897,0.6037500000000016,0.0,0.06766346246278845,0.10519013625348331,1,0,0,0,0,0,,4,0.3448809999972582,0.328125
16,2,1,no_buffer,degraded,1921,1920,1915,0.9968766267568975,0.3550916878749325,0.6037500000000016,0.0,0.0675854651422864,0.10503367302834811,1,0,0,0,0,0,,5,0.287750400006189,0.265625
16,2,1,fifo,degraded,1921,1921,1916,0.9973971889640812,0.3550916878749325,0.6037500000000016,0.0,0.0675854651422864,0.10504445156426578,1,0,0,0,0,0,,5,0.2843250000005355,0.265625
16,2,1,ttl,degraded,1921,1921,1916,0.9973971889640812,0.3550916878749325,0.6037500000000016,0.0,0.0675854651422864,0.10504445156426578,1,0,0,0,0,0,,5,0.31702810000570025,0.328125
16,2,1,latest,degraded,1921,1921,1916,0.9973971889640812,0.3550916878749325,0.6037500000000016,0.0,0.0675854651422864,0.10504445156426578,1,0,0,0,0,0,,5,0.30264679998799693,0.296875
16,2,1,latest_no_guard,degraded,1921,1921,1916,0.9973971889640812,0.3550916878749325,0.6037500000000016,0.0,0.0675854651422864,0.10504445156426578,1,0,0,0,0,0,,5,0.2972887000069022,0.296875
16,2,2,no_buffer,degraded,1921,1920,1918,0.9984383133784487,0.3551655380839854,0.6050000000000004,0.0,0.06793194862572526,0.10515512810448346,1,0,0,0,0,0,,2,0.2846460000000661,0.28125
16,2,2,fifo,degraded,1921,1921,1919,0.9989588755856325,0.3551655380839854,0.6050000000000004,0.0,0.06793194862572526,0.10515902661578716,1,0,0,0,0,0,,2,0.2883397999976296,0.296875
16,2,2,ttl,degraded,1921,1921,1919,0.9989588755856325,0.3551655380839854,0.6050000000000004,0.0,0.06793194862572526,0.10515902661578716,1,0,0,0,0,0,,2,0.289166300004581,0.296875
16,2,2,latest,degraded,1921,1921,1919,0.9989588755856325,0.3551655380839854,0.6050000000000004,0.0,0.06793194862572526,0.10515902661578716,1,0,0,0,0,0,,2,0.2882607000065036,0.21875
16,2,2,latest_no_guard,degraded,1921,1921,1919,0.9989588755856325,0.3551655380839854,0.6050000000000004,0.0,0.06793194862572526,0.10515902661578716,1,0,0,0,0,0,,2,0.30088869998871814,0.25
16,2,3,no_buffer,degraded,1921,1920,1916,0.9973971889640812,0.35471675604435626,0.6037500000000016,0.0,0.06784980150323726,0.10444543613110271,1,0,0,0,0,0,,4,0.31588390000979416,0.296875
16,2,3,fifo,degraded,1921,1921,1917,0.9979177511712649,0.35471675604435626,0.6037500000000016,0.0,0.06784980150323726,0.10440157091532522,1,0,0,0,0,0,,4,0.2984742999979062,0.28125
16,2,3,ttl,degraded,1921,1921,1917,0.9979177511712649,0.35471675604435626,0.6037500000000016,0.0,0.06784980150323726,0.10440157091532522,1,0,0,0,0,0,,4,0.28618520000600256,0.25
16,2,3,latest,degraded,1921,1921,1917,0.9979177511712649,0.35471675604435626,0.6037500000000016,0.0,0.06784980150323726,0.10440157091532522,1,0,0,0,0,0,,4,0.29251479999220464,0.296875
16,2,3,latest_no_guard,degraded,1921,1921,1917,0.9979177511712649,0.35471675604435626,0.6037500000000016,0.0,0.06784980150323726,0.10440157091532522,1,0,0,0,0,0,,4,0.2855924000032246,0.25
16,2,4,no_buffer,degraded,1921,1920,1916,0.9973971889640812,0.35393280767133317,0.6037499999999998,0.0,0.06738595766691634,0.1046495910646112,1,0,0,0,0,0,,4,0.28793649999715853,0.28125
16,2,4,fifo,degraded,1921,1921,1917,0.9979177511712649,0.35393280767133317,0.6037499999999998,0.0,0.06738595766691634,0.10465351081946071,1,0,0,0,0,0,,4,0.2890170000027865,0.28125
16,2,4,ttl,degraded,1921,1921,1917,0.9979177511712649,0.35393280767133317,0.6037499999999998,0.0,0.06738595766691634,0.10465351081946071,1,0,0,0,0,0,,4,0.28858570000738837,0.28125
16,2,4,latest,degraded,1921,1921,1917,0.9979177511712649,0.35393280767133317,0.6037499999999998,0.0,0.06738595766691634,0.10465351081946071,1,0,0,0,0,0,,4,0.28536609999719076,0.28125
16,2,4,latest_no_guard,degraded,1921,1921,1917,0.9979177511712649,0.35393280767133317,0.6037499999999998,0.0,0.06738595766691634,0.10465351081946071,1,0,0,0,0,0,,4,0.2802738999889698,0.265625
16,2,5,no_buffer,degraded,1921,1920,1916,0.9973971889640812,0.35490990274495615,0.6037500000000016,0.0,0.06760542417601897,0.10500287493194665,1,0,0,0,0,0,,4,0.29000260001339484,0.28125
16,2,5,fifo,degraded,1921,1921,1917,0.9979177511712649,0.35490990274495615,0.6037500000000016,0.0,0.06760542417601897,0.10504221583249654,1,0,0,0,0,0,,4,0.2821793000039179,0.25
16,2,5,ttl,degraded,1921,1921,1917,0.9979177511712649,0.35490990274495615,0.6037500000000016,0.0,0.06760542417601897,0.10504221583249654,1,0,0,0,0,0,,4,0.28695359999255743,0.265625
16,2,5,latest,degraded,1921,1921,1917,0.9979177511712649,0.35490990274495615,0.6037500000000016,0.0,0.06760542417601897,0.10504221583249654,1,0,0,0,0,0,,4,0.2905725999880815,0.296875
16,2,5,latest_no_guard,degraded,1921,1921,1917,0.9979177511712649,0.35490990274495615,0.6037500000000016,0.0,0.06760542417601897,0.10504221583249654,1,0,0,0,0,0,,4,0.31551350001245737,0.296875
16,2,6,no_buffer,degraded,1921,1920,1915,0.9968766267568975,0.35483037175059146,0.6050000000000004,0.0,0.06795220216424872,0.10447422877764068,1,0,0,0,0,0,,5,0.33634629999869503,0.34375
16,2,6,fifo,degraded,1921,1921,1916,0.9973971889640812,0.35483037175059146,0.6050000000000004,0.0,0.06795220216424872,0.10445152767526707,1,0,0,0,0,0,,5,0.3414423999929568,0.28125
16,2,6,ttl,degraded,1921,1921,1916,0.9973971889640812,0.35483037175059146,0.6050000000000004,0.0,0.06795220216424872,0.10445152767526707,1,0,0,0,0,0,,5,0.31330829999933485,0.3125
16,2,6,latest,degraded,1921,1921,1916,0.9973971889640812,0.35483037175059146,0.6050000000000004,0.0,0.06795220216424872,0.10445152767526707,1,0,0,0,0,0,,5,0.30940530000953004,0.28125
16,2,6,latest_no_guard,degraded,1921,1921,1916,0.9973971889640812,0.35483037175059146,0.6050000000000004,0.0,0.06795220216424872,0.10445152767526707,1,0,0,0,0,0,,5,0.3003387000062503,0.28125
16,2,7,no_buffer,degraded,1921,1920,1916,0.9973971889640812,0.35260918469369273,0.6024999999999991,0.0,0.06719076827811639,0.10319000568377323,1,0,0,0,0,0,,4,0.28191590000642464,0.265625
16,2,7,fifo,degraded,1921,1921,1917,0.9979177511712649,0.35260918469369273,0.6024999999999991,0.0,0.06719076827811639,0.10322529504384965,1,0,0,0,0,0,,4,0.27727010000671726,0.25
16,2,7,ttl,degraded,1921,1921,1917,0.9979177511712649,0.35260918469369273,0.6024999999999991,0.0,0.06719076827811639,0.10322529504384965,1,0,0,0,0,0,,4,0.2855000999988988,0.28125
16,2,7,latest,degraded,1921,1921,1917,0.9979177511712649,0.35260918469369273,0.6024999999999991,0.0,0.06719076827811639,0.10322529504384965,1,0,0,0,0,0,,4,0.2855042000010144,0.265625
16,2,7,latest_no_guard,degraded,1921,1921,1917,0.9979177511712649,0.35260918469369273,0.6024999999999991,0.0,0.06719076827811639,0.10322529504384965,1,0,0,0,0,0,,4,0.29335249999712687,0.296875
16,2,8,no_buffer,degraded,1921,1920,1916,0.9973971889640812,0.35328519814579235,0.6037499999999998,0.0,0.06716431731861118,0.10350658019159258,1,0,0,0,0,0,,4,0.28352779999841005,0.28125
16,2,8,fifo,degraded,1921,1921,1917,0.9979177511712649,0.35328519814579235,0.6037499999999998,0.0,0.06716431731861118,0.10356154925866344,1,0,0,0,0,0,,4,0.34297079998941626,0.296875
16,2,8,ttl,degraded,1921,1921,1917,0.9979177511712649,0.35328519814579235,0.6037499999999998,0.0,0.06716431731861118,0.10356154925866344,1,0,0,0,0,0,,4,0.31553779999376275,0.328125
16,2,8,latest,degraded,1921,1921,1917,0.9979177511712649,0.35328519814579235,0.6037499999999998,0.0,0.06716431731861118,0.10356154925866344,1,0,0,0,0,0,,4,0.32650540000759065,0.3125
16,2,8,latest_no_guard,degraded,1921,1921,1917,0.9979177511712649,0.35328519814579235,0.6037499999999998,0.0,0.06716431731861118,0.10356154925866344,1,0,0,0,0,0,,4,0.31237650000548456,0.3125
16,2,9,no_buffer,degraded,1921,1920,1916,0.9973971889640812,0.35518826122523245,0.605000000000004,0.0,0.06759245982715821,0.10491955512484835,1,0,0,0,0,0,,4,0.3088900000002468,0.3125
16,2,9,fifo,degraded,1921,1921,1917,0.9979177511712649,0.35518826122523245,0.605000000000004,0.0,0.06759245982715821,0.10489615173731323,1,0,0,0,0,0,,4,0.3118506000027992,0.296875
16,2,9,ttl,degraded,1921,1921,1917,0.9979177511712649,0.35518826122523245,0.605000000000004,0.0,0.06759245982715821,0.10489615173731323,1,0,0,0,0,0,,4,0.311776499991538,0.296875
16,2,9,latest,degraded,1921,1921,1917,0.9979177511712649,0.35518826122523245,0.605000000000004,0.0,0.06759245982715821,0.10489615173731323,1,0,0,0,0,0,,4,0.2970593999925768,0.296875
16,2,9,latest_no_guard,degraded,1921,1921,1917,0.9979177511712649,0.35518826122523245,0.605000000000004,0.0,0.06759245982715821,0.10489615173731323,1,0,0,0,0,0,,4,0.2878377000015462,0.265625
16,2,0,no_buffer,overloaded,1921,960,956,0.4976574700676731,16.47603844755499,54.5,0.5,0.36160906492130973,0.2036298533140921,1,0,0,0,0,0,,4,0.3114122999977553,0.265625
16,2,0,fifo,overloaded,1921,1200,1196,0.6225923997917752,12.586390542628614,21.86,1.0,0.8159489447370813,11.441966136970938,721,0,0,0,0,0,,725,0.33160510000016075,0.328125
16,2,0,ttl,overloaded,1921,1200,1195,0.6220718375845914,12.584459075622615,51.345,0.9996137065988002,0.4932704113661725,1.1587115636130536,32,0,689,0,0,0,,37,0.32818979999865405,0.328125
16,2,0,latest,overloaded,1921,1200,1194,0.6215512753774076,0.8505811443373938,1.3300000000000018,0.31944191965097257,0.16166278254626698,0.44902718513442863,16,707,0,0,0,0,,20,0.33511130000988487,0.328125
16,2,0,latest_no_guard,overloaded,1921,1200,1194,0.6215512753774076,0.8505811443373938,1.3300000000000018,0.31944191965097257,0.16166278254626698,0.44902718513442863,16,707,0,0,0,0,,20,0.3410186999972211,0.34375
16,2,1,no_buffer,overloaded,1921,960,957,0.49817803227485685,16.4786516087984,54.5,0.5,0.36181887564723103,0.20688591616941449,1,0,0,0,0,0,,3,0.25877679999393877,0.25
16,2,1,fifo,overloaded,1921,1200,1193,0.6210307131702238,12.590253476640612,21.8675,1.0,0.8164948596119069,11.417815228705622,721,0,0,0,0,0,,728,0.30015319999074563,0.3125
16,2,1,ttl,overloaded,1921,1200,1195,0.6220718375845914,12.588560602617706,51.345,0.9996364297400473,0.49402979283189585,1.1639062379180314,32,0,689,0,0,0,,37,0.2802304999931948,0.265625
16,2,1,latest,overloaded,1921,1200,1195,0.6220718375845914,0.8494904335575356,1.3312500000000043,0.3178512997636793,0.16122619816865347,0.448660415441902,16,707,0,0,0,0,,19,0.3062084999983199,0.3125
16,2,1,latest_no_guard,overloaded,1921,1200,1195,0.6220718375845914,0.8494904335575356,1.3312500000000043,0.3178512997636793,0.16122619816865347,0.448660415441902,16,707,0,0,0,0,,19,0.2802510999899823,0.234375
16,2,2,no_buffer,overloaded,1921,960,957,0.49817803227485685,16.479475322668605,54.5,0.5,0.3623182129265841,0.20784439702525392,1,0,0,0,0,0,,3,0.2746493000013288,0.265625
16,2,2,fifo,overloaded,1921,1200,1195,0.6220718375845914,12.589338870205419,21.89125,1.0,0.8170979783267052,11.435931129145146,721,0,0,0,0,0,,726,0.26598050000029616,0.265625
16,2,2,ttl,overloaded,1921,1200,1195,0.6220718375845914,12.588322009634613,51.345,0.9996818760225413,0.49429575239051127,1.1640357283085079,32,0,689,0,0,0,,37,0.27065020000736695,0.28125
16,2,2,latest,overloaded,1921,1200,1194,0.6215512753774076,0.8541373159425566,1.3399999999999999,0.3239070169060171,0.1625208157061366,0.4525376465854648,16,707,0,0,0,0,,20,0.2783443000080297,0.28125
16,2,2,latest_no_guard,overloaded,1921,1200,1194,0.6215512753774076,0.8541373159425566,1.3399999999999999,0.3239070169060171,0.1625208157061366,0.4525376465854648,16,707,0,0,0,0,,20,0.2911011999967741,0.265625
16,2,3,no_buffer,overloaded,1921,960,957,0.49817803227485685,16.477816533357572,54.5,0.5,0.36217521665947827,0.20450288911474912,1,0,0,0,0,0,,3,0.24891989999741782,0.25
16,2,3,fifo,overloaded,1921,1200,1195,0.6220718375845914,12.588083416651518,21.86875,1.0,0.8169790778164966,11.433817552138526,721,0,0,0,0,0,,726,0.28204839999671094,0.28125
16,2,3,ttl,overloaded,1921,1200,1197,0.6231129619989588,12.587850504453737,51.345,0.9994205598982003,0.4943791345405826,1.1627578813207875,32,0,689,0,0,0,,35,0.27091600000858307,0.265625
16,2,3,latest,overloaded,1921,1200,1197,0.6231129619989588,0.8526375886202515,1.3412500000000023,0.321623341210689,0.16240782211503724,0.45155730980419767,16,707,0,0,0,0,,17,0.2677474000083748,0.28125
16,2,3,latest_no_guard,overloaded,1921,1200,1197,0.6231129619989588,0.8526375886202515,1.3412500000000023,0.321623341210689,0.16240782211503724,0.45155730980419767,16,707,0,0,0,0,,17,0.2776037000003271,0.28125
16,2,4,no_buffer,overloaded,1921,960,956,0.4976574700676731,16.47510679876386,54.5,0.5,0.3612042570750623,0.20286550382779692,1,0,0,0,0,0,,4,0.2649176999984775,0.234375
16,2,4,fifo,overloaded,1921,1200,1196,0.6225923997917752,12.588702622250501,21.855000000000004,1.0,0.8168503743478008,11.444448362488124,721,0,0,0,0,0,,725,0.26406660000793636,0.234375
16,2,4,ttl,overloaded,1921,1200,1193,0.6210307131702238,12.58860036811489,51.345,0.9995682603163061,0.4941089089494319,1.1653054769706774,32,0,689,0,0,0,,39,0.2727525000082096,0.28125
16,2,4,latest,overloaded,1921,1200,1197,0.6231129619989588,0.8507061216142526,1.3375000000000004,0.3193169423741138,0.1619960568735377,0.44964549305941826,16,707,0,0,0,0,,17,0.26464759999362286,0.25
16,2,4,latest_no_guard,overloaded,1921,1200,1197,0.6231129619989588,0.8507061216142526,1.3375000000000004,0.3193169423741138,0.1619960568735377,0.44964549305941826,16,707,0,0,0,0,,17,0.2768214999960037,0.28125
16,2,5,no_buffer,overloaded,1921,960,955,0.4971369078604893,16.47857775858935,54.5,0.5,0.3619852214544426,0.2066425916754016,1,0,0,0,0,0,,5,0.30613399999856483,0.3125
16,2,5,fifo,overloaded,1921,1200,1197,0.6231129619989588,12.589128681148882,21.862500000000004,1.0,0.8158745886882385,11.455454549405857,721,0,0,0,0,0,,724,0.2774500999948941,0.28125
16,2,5,ttl,overloaded,1921,1200,1196,0.6225923997917752,12.586924536447919,51.345,0.9994660061806944,0.4936435983791875,1.1641302218361682,32,0,689,0,0,0,,36,0.2726217000017641,0.265625
16,2,5,latest,overloaded,1921,1200,1197,0.6231129619989588,0.8518081939647344,1.3375000000000021,0.32224822759498273,0.1619424685183797,0.4521058005560601,16,707,0,0,0,0,,17,0.27279899999848567,0.265625
16,2,5,latest_no_guard,overloaded,1921,1200,1197,0.6231129619989588,0.8518081939647344,1.3375000000000021,0.32224822759498273,0.1619424685183797,0.4521058005560601,16,707,0,0,0,0,,17,0.2777063000103226,0.234375
16,2,6,no_buffer,overloaded,1921,960,956,0.4976574700676731,16.479060625340846,54.5,0.5,0.3624887049480247,0.20831014130951286,1,0,0,0,0,0,,4,0.26037869999709073,0.265625
16,2,6,fifo,overloaded,1921,1200,1195,0.6220718375845914,12.59028188056717,21.88875,1.0,0.8164987332458508,11.43693114474624,721,0,0,0,0,0,,726,0.2771956000069622,0.28125
16,2,6,ttl,overloaded,1921,1200,1196,0.6225923997917752,12.588327690419923,51.345,0.9993296673332122,0.49463408878928244,1.1636134260431992,32,0,689,0,0,0,,36,0.28412769999704324,0.265625
16,2,6,latest,overloaded,1921,1200,1195,0.6220718375845914,0.8494904335575356,1.3350000000000009,0.3196123432103254,0.16227387897030282,0.44750537501218896,16,707,0,0,0,0,,19,0.3048912000085693,0.3125
16,2,6,latest_no_guard,overloaded,1921,1200,1195,0.6220718375845914,0.8494904335575356,1.3350000000000009,0.3196123432103254,0.16227387897030282,0.44750537501218896,16,707,0,0,0,0,,19,0.28132019999611657,0.28125
16,2,7,no_buffer,overloaded,1921,960,956,0.4976574700676731,16.47584530085439,54.5,0.5,0.3616287954860961,0.2030826455214947,1,0,0,0,0,0,,4,0.26599710001028143,0.265625
16,2,7,fifo,overloaded,1921,1200,1198,0.6236335242061426,12.585430489910927,21.863750000000003,1.0,0.8164920246080106,11.461061432918159,721,0,0,0,0,0,,723,0.27075409999815747,0.25
16,2,7,ttl,overloaded,1921,1200,1194,0.6215512753774076,12.58515213143065,51.345,0.9993864751863297,0.49347070795538645,1.1610318698339437,32,0,689,0,0,0,,38,0.2780959000083385,0.28125
16,2,7,latest,overloaded,1921,1200,1197,0.6231129619989588,0.8472181194328311,1.3350000000000009,0.3168173968369387,0.16126465468421247,0.44898500469244085,16,707,0,0,0,0,,17,0.28495839999231976,0.265625
16,2,7,latest_no_guard,overloaded,1921,1200,1197,0.6231129619989588,0.8472181194328311,1.3350000000000009,0.3168173968369387,0.16126465468421247,0.44898500469244085,16,707,0,0,0,0,,17,0.29528629999549594,0.265625
16,2,8,no_buffer,overloaded,1921,960,956,0.4976574700676731,16.474788674786403,54.5,0.5,0.3611493432591759,0.20063042113289986,1,0,0,0,0,0,,4,0.217699700006051,0.21875
16,2,8,fifo,overloaded,1921,1200,1194,0.6215512753774076,12.585850868023996,21.862500000000004,1.0,0.8168316720385592,11.423048553071471,721,0,0,0,0,0,,727,0.26896230000420474,0.21875
16,2,8,ttl,overloaded,1921,1200,1196,0.6225923997917752,12.585311193419379,51.345,0.9995682603163061,0.4933218198064557,1.1611299554891208,32,0,689,0,0,0,,36,0.2889716000063345,0.25
16,2,8,latest,overloaded,1921,1200,1196,0.6225923997917752,0.8505925059080174,1.3374999999999986,0.3187829485548082,0.16185279866976682,0.44861078093000406,16,707,0,0,0,0,,18,0.2859572999877855,0.265625
16,2,8,latest_no_guard,overloaded,1921,1200,1196,0.6225923997917752,0.8505925059080174,1.3374999999999986,0.3187829485548082,0.16185279866976682,0.44861078093000406,16,707,0,0,0,0,,18,0.28728860001137946,0.296875
16,2,9,no_buffer,overloaded,1921,960,958,0.4986985944820406,16.480497864024723,54.5,0.5,0.36218418612116215,0.20866138341667873,1,0,0,0,0,0,,2,0.2677358999935677,0.265625
16,2,9,fifo,overloaded,1921,1200,1196,0.6225923997917752,12.589196850572623,21.877499999999998,1.0,0.8163328059597401,11.443980401586035,721,0,0,0,0,0,,725,0.2692969999916386,0.265625
16,2,9,ttl,overloaded,1921,1200,1196,0.6225923997917752,12.587276745137249,51.345,0.9994660061806944,0.4937620754864934,1.1620369445418548,32,0,689,0,0,0,,36,0.2775458999967668,0.28125
16,2,9,latest,overloaded,1921,1200,1195,0.6220718375845914,0.8520638293037637,1.3399999999999999,0.31998727504090163,0.16184524918155993,0.4505349047729896,16,707,0,0,0,0,,19,0.29885240001021884,0.28125
16,2,9,latest_no_guard,overloaded,1921,1200,1195,0.6220718375845914,0.8520638293037637,1.3399999999999999,0.31998727504090163,0.16184524918155993,0.4505349047729896,16,707,0,0,0,0,,19,0.3102393999870401,0.296875
16,2,0,no_buffer,outage,1921,1441,1439,0.7490890161374284,2.418142724050173,12.80375,0.26456553353935647,0.3029074762903136,0.055028342589141854,1,0,0,0,0,0,0.509999999999998,2,0.3321560999902431,0.28125
16,2,0,fifo,outage,1921,1921,1919,0.9989588755856325,3.0946560852572267,13.285000000000004,0.3545946191601527,0.38692287986947543,2.61392119944542,481,0,0,0,0,0,5.32,2,0.340581900003599,0.3125
16,2,0,ttl,outage,1921,1473,1471,0.7657470067673087,2.369395905289948,12.61625,0.26213415742592255,0.300533317107494,0.06991810434670362,33,0,448,0,0,0,0.259999999999998,2,0.3497973999910755,0.34375
16,2,0,latest,outage,1921,1456,1454,0.7568974492451848,2.3705547854935474,12.628750000000004,0.26138429376477,0.30050069950321573,0.05837296851270005,16,465,0,0,0,0,0.21999999999999886,2,0.35066319999168627,0.328125
16,2,0,latest_no_guard,outage,1921,1456,1454,0.7568974492451848,2.3705547854935474,12.628750000000004,0.26138429376477,0.30050069950321573,0.05837296851270005,16,465,0,0,0,0,0.21999999999999886,2,0.34861599998839665,0.3125
16,2,1,no_buffer,outage,1921,1441,1438,0.7485684539302446,2.419960575349937,12.811250000000001,0.26470187238683873,0.30302109023407714,0.05477734014611347,1,0,0,0,0,0,0.5500000000000043,3,0.2847408999950858,0.296875
16,2,1,fifo,outage,1921,1921,1918,0.9984383133784487,3.0945367887656796,13.298749999999998,0.3546287038720233,0.3867034483339836,2.6151805754715625,481,0,0,0,0,0,5.380000000000003,3,0.30087420000927523,0.28125
16,2,1,ttl,outage,1921,1473,1470,0.7652264445601249,2.370804740047265,12.622500000000002,0.26206598800218145,0.3008354976912269,0.06972552531531766,33,0,448,0,0,0,0.30000000000000426,3,0.3013891999871703,0.296875
16,2,1,latest,outage,1921,1456,1453,0.756376887038001,2.368964165606254,12.623750000000001,0.26129340119978184,0.3003502492814355,0.058119560406707446,16,465,0,0,0,0,0.21999999999999886,3,0.29052549999323674,0.296875
16,2,1,latest_no_guard,outage,1921,1456,1453,0.756376887038001,2.368964165606254,12.623750000000001,0.26129340119978184,0.3003502492814355,0.058119560406707446,16,465,0,0,0,0,0.21999999999999886,3,0.32806929999787826,0.28125
16,2,2,no_buffer,outage,1921,1441,1439,0.7490890161374284,2.417955258134885,12.80375,0.26456553353935647,0.30290786688518406,0.054815627995979034,1,0,0,0,0,0,0.5,2,0.3055482000054326,0.296875
16,2,2,fifo,outage,1921,1921,1919,0.9989588755856325,3.094599277404109,13.29625,0.35503772041447007,0.3870089385212184,2.6139053991859553,481,0,0,0,0,0,5.340000000000003,2,0.29442780000681523,0.28125
16,2,2,ttl,outage,1921,1473,1471,0.7657470067673087,2.370941078894747,12.623750000000001,0.2619523722959462,0.30083935356817565,0.06969266901180658,33,0,448,0,0,0,0.25,2,0.3067791999928886,0.265625
16,2,2,latest,outage,1921,1456,1454,0.7568974492451848,2.3690039311034363,12.623750000000001,0.26129340119978184,0.30036710946424744,0.0581258579501444,16,465,0,0,0,0,0.18999999999999773,2,0.2874937000015052,0.265625
16,2,2,latest_no_guard,outage,1921,1456,1454,0.7568974492451848,2.3690039311034363,12.623750000000001,0.26129340119978184,0.30036710946424744,0.0581258579501444,16,465,0,0,0,0,0.18999999999999773,2,0.28994390000298154,0.265625
16,2,3,no_buffer,outage,1921,1441,1439,0.7490890161374284,2.4168247818578448,12.798749999999998,0.2644860025449918,0.30287145004159394,0.05461404944322123,1,0,0,0,0,0,0.509999999999998,2,0.27665599998726975,0.28125
16,2,3,fifo,outage,1921,1921,1919,0.9989588755856325,3.094485661697874,13.299999999999997,0.3543105798945646,0.38689835228192293,2.6135567881212385,481,0,0,0,0,0,5.380000000000003,2,0.2975180000066757,0.296875
16,2,3,ttl,outage,1921,1473,1471,0.7657470067673087,2.3704866160698064,12.621250000000003,0.2622023268496637,0.3006790545550637,0.06960931086975942,33,0,448,0,0,0,0.28000000000000114,2,0.29057180001109373,0.265625
16,2,3,latest,outage,1921,1456,1454,0.7568974492451848,2.372134043810217,12.634999999999998,0.26149790947100526,0.30047700983148545,0.05803119734237806,16,465,0,0,0,0,0.20000000000000284,2,0.2802071000041906,0.296875
16,2,3,latest_no_guard,outage,1921,1456,1454,0.7568974492451848,2.372134043810217,12.634999999999998,0.26149790947100526,0.30047700983148545,0.05803119734237806,16,465,0,0,0,0,0.20000000000000284,2,0.27497759999823757,0.25
16,2,4,no_buffer,outage,1921,1441,1439,0.7490890161374284,2.4131663561170704,12.78875,0.26429285584439194,0.3026752655394291,0.05435030070875776,1,0,0,0,0,0,0.5399999999999991,2,0.2907596999866655,0.28125
16,2,4,fifo,outage,1921,1921,1919,0.9989588755856325,3.094093687511362,13.29,0.3548559352844937,0.38678806682331945,2.6136933660118142,481,0,0,0,0,0,5.340000000000003,2,0.287251899993862,0.28125
16,2,4,ttl,outage,1921,1473,1471,0.7657470067673087,2.372571464279223,12.6325,0.2622023268496637,0.3006955888384633,0.06935052517343253,33,0,448,0,0,0,0.28000000000000114,2,0.2723197000013897,0.28125
16,2,4,latest,outage,1921,1456,1454,0.7568974492451848,2.367793923832031,12.621250000000003,0.2612593164879113,0.3002483747897281,0.057690706721952874,16,465,0,0,0,0,0.17999999999999972,2,0.2799109000043245,0.28125
16,2,4,latest_no_guard,outage,1921,1456,1454,0.7568974492451848,2.367793923832031,12.621250000000003,0.2612593164879113,0.3002483747897281,0.057690706721952874,16,465,0,0,0,0,0.17999999999999972,2,0.2848880000092322,0.25
16,2,5,no_buffer,outage,1921,1441,1439,0.7490890161374284,2.419795832575896,12.8125,0.2647245955280858,0.3030000237420986,0.054127835274622706,1,0,0,0,0,0,0.5399999999999991,2,0.2954792999953497,0.296875
16,2,5,fifo,outage,1921,1921,1919,0.9989588755856325,3.0945367887656796,13.286250000000003,0.354730958007635,0.38660974703163636,2.613862667225934,481,0,0,0,0,0,5.369999999999997,2,0.32321659999433905,0.328125
16,2,5,ttl,outage,1921,1473,1471,0.7657470067673087,2.371321691510635,12.626249999999999,0.2621568805671696,0.30067164045194406,0.069182448171684,33,0,448,0,0,0,0.259999999999998,2,0.30834270000923425,0.28125
16,2,5,latest,outage,1921,1456,1454,0.7568974492451848,2.370844505544447,12.6325,0.2614524631885112,0.30034708458816445,0.057567509146426395,16,465,0,0,0,0,0.18999999999999773,2,0.32979489999706857,0.296875
16,2,5,latest_no_guard,outage,1921,1456,1454,0.7568974492451848,2.370844505544447,12.6325,0.2614524631885112,0.30034708458816445,0.057567509146426395,16,465,0,0,0,0,0.18999999999999773,2,0.2864718000055291,0.28125
16,2,6,no_buffer,outage,1921,1441,1439,0.7490890161374284,2.4176428149427385,12.805,0.26458825668060354,0.30298823003845043,0.05378877385230255,1,0,0,0,0,0,0.509999999999998,2,0.3053498999943258,0.296875
16,2,6,fifo,outage,1921,1921,1919,0.9989588755856325,3.094479980912562,13.299999999999997,0.3546059807307762,0.38685174537033434,2.6135945510922327,481,0,0,0,0,0,5.390000000000001,2,0.30266430000483524,0.265625
16,2,6,ttl,outage,1921,1473,1471,0.7657470067673087,2.3702423423014003,12.622500000000002,0.2622932194146519,0.3006935866838726,0.06882463295046846,33,0,448,0,0,0,0.28999999999999915,2,0.28744559999904595,0.28125
16,2,6,latest,outage,1921,1456,1454,0.7568974492451848,2.3695436057080537,12.627499999999998,0.26137293219414653,0.30055657122001667,0.05719115728612984,16,465,0,0,0,0,0.17999999999999972,2,0.29322040000988636,0.265625
16,2,6,latest_no_guard,outage,1921,1456,1454,0.7568974492451848,2.3695436057080537,12.627499999999998,0.26137293219414653,0.30055657122001667,0.05719115728612984,16,465,0,0,0,0,0.17999999999999972,2,0.2925716000027023,0.296875
16,2,7,no_buffer,outage,1921,1441,1438,0.7485684539302446,2.415342096891475,12.79625,0.26444055626249774,0.3027128685121408,0.05423158027082935,1,0,0,0,0,0,0.5,3,0.2792455000017071,0.265625
16,2,7,fifo,outage,1921,1921,1918,0.9984383133784487,3.0932813352117803,13.29625,0.35446964188329394,0.38670325274391165,2.6142992363856816,481,0,0,0,0,0,5.359999999999999,3,0.29911900000297464,0.28125
16,2,7,ttl,outage,1921,1473,1470,0.7652264445601249,2.368271109798219,12.61625,0.2619750954371932,0.30050662430818187,0.06910750617562875,33,0,448,0,0,0,0.23000000000000398,3,0.31454170000506565,0.3125
16,2,7,latest,outage,1921,1456,1453,0.756376887038001,2.368095005453555,12.622500000000002,0.26128203962915836,0.3001528085094962,0.05753913087073393,16,465,0,0,0,0,0.20000000000000284,3,0.2979644000006374,0.296875
16,2,7,latest_no_guard,outage,1921,1456,1453,0.756376887038001,2.368095005453555,12.622500000000002,0.26128203962915836,0.3001528085094962,0.05753913087073393,16,465,0,0,0,0,0.20000000000000284,3,0.28266379999695346,0.28125
16,2,8,no_buffer,outage,1921,1441,1439,0.7490890161374284,2.4163987229594626,12.801250000000003,0.2645314488274859,0.30254301434406355,0.053713119038439824,1,0,0,0,0,0,0.5300000000000011,2,0.29102200000488665,0.265625
16,2,8,fifo,outage,1921,1921,1919,0.9989588755856325,3.0937073941101625,13.299999999999997,0.3546514270132703,0.3866276461776783,2.6131194839189664,481,0,0,0,0,0,5.340000000000003,2,0.29774120000365656,0.28125
16,2,8,ttl,outage,1921,1473,1471,0.7657470067673087,2.3686403608434836,12.618749999999999,0.26217960370841664,0.30032552431101794,0.06860110901724258,33,0,448,0,0,0,0.28000000000000114,2,0.280383699995582,0.28125
16,2,8,latest,outage,1921,1456,1454,0.7568974492451848,2.3686403608434836,12.626249999999999,0.2613388474822759,0.2999844934193309,0.05704990570206162,16,465,0,0,0,0,0.17999999999999972,2,0.2891747999965446,0.265625
16,2,8,latest_no_guard,outage,1921,1456,1454,0.7568974492451848,2.3686403608434836,12.626249999999999,0.2613388474822759,0.2999844934193309,0.05704990570206162,16,465,0,0,0,0,0.17999999999999972,2,0.29892290000861976,0.234375
16,2,9,no_buffer,outage,1921,1441,1440,0.7496095783446122,2.419489070169061,12.808750000000003,0.26465642610434464,0.30303686717402345,0.05478531946551214,1,0,0,0,0,0,0.5399999999999991,1,0.27529010000580456,0.265625
16,2,9,fifo,outage,1921,1921,1920,0.9994794377928162,3.094622000545356,13.28125,0.3548445737138702,0.3867012460472771,2.6124326355753653,481,0,0,0,0,0,5.369999999999997,1,0.2878887999977451,0.28125
16,2,9,ttl,outage,1921,1473,1472,0.7662675689744924,2.371327372295947,12.623750000000001,0.26223641156153427,0.30065179519636187,0.06971237414541304,33,0,448,0,0,0,0.2700000000000031,1,0.27173819999734405,0.265625
16,2,9,latest,outage,1921,1456,1455,0.7574180114523685,2.3696856253408476,12.625,0.26132748591165245,0.3003527660449239,0.058127560837505164,16,465,0,0,0,0,0.18999999999999773,1,0.27346379999653436,0.28125
16,2,9,latest_no_guard,outage,1921,1456,1455,0.7574180114523685,2.3696856253408476,12.625,0.26132748591165245,0.3003527660449239,0.058127560837505164,16,465,0,0,0,0,0.18999999999999773,1,0.26854369998909533,0.265625
16,5,0,no_buffer,healthy,4801,4801,4799,0.9995834201208081,0.12372864024718454,0.21250000000007674,0.0,0.023601376654751982,0.02375372297767973,1,0,0,0,0,0,,2,0.5296421999955783,0.515625
16,5,0,fifo,healthy,4801,4801,4799,0.9995834201208081,0.12372864024718454,0.21250000000007674,0.0,0.023601376654751982,0.02375372297767973,1,0,0,0,0,0,,2,0.5250691000110237,0.5
16,5,0,ttl,healthy,4801,4801,4799,0.9995834201208081,0.12372864024718454,0.21250000000007674,0.0,0.023601376654751982,0.02375372297767973,1,0,0,0,0,0,,2,0.5527608999982476,0.515625
16,5,0,latest,healthy,4801,4801,4799,0.9995834201208081,0.12372864024718454,0.21250000000007674,0.0,0.023601376654751982,0.02375372297767973,1,0,0,0,0,0,,2,0.5658523999882163,0.515625
16,5,0,latest_no_guard,healthy,4801,4801,4799,0.9995834201208081,0.12372864024718454,0.21250000000007674,0.0,0.023601376654751982,0.02375372297767973,1,0,0,0,0,0,,2,0.5902370000112569,0.546875
16,5,1,no_buffer,healthy,4801,4801,4798,0.9993751301812123,0.1238058989274245,0.21499999999970498,0.0,0.023613896232846626,0.02385265094078126,1,0,0,0,0,0,,3,0.39762859999609645,0.40625
16,5,1,fifo,healthy,4801,4801,4798,0.9993751301812123,0.1238058989274245,0.21499999999970498,0.0,0.023613896232846626,0.02385265094078126,1,0,0,0,0,0,,3,0.38513229999807663,0.390625
16,5,1,ttl,healthy,4801,4801,4798,0.9993751301812123,0.1238058989274245,0.21499999999970498,0.0,0.023613896232846626,0.02385265094078126,1,0,0,0,0,0,,3,0.38665169999876525,0.390625
16,5,1,latest,healthy,4801,4801,4798,0.9993751301812123,0.1238058989274245,0.21499999999970498,0.0,0.023613896232846626,0.02385265094078126,1,0,0,0,0,0,,3,0.37589049999951385,0.375
16,5,1,latest_no_guard,healthy,4801,4801,4798,0.9993751301812123,0.1238058989274245,0.21499999999970498,0.0,0.023613896232846626,0.02385265094078126,1,0,0,0,0,0,,3,0.37459490000037476,0.359375
16,5,2,no_buffer,healthy,4801,4801,4798,0.9993751301812123,0.12368319396469045,0.21250000000007674,0.0,0.02361018479412662,0.023771109630209522,1,0,0,0,0,0,,3,0.3848534999997355,0.359375
16,5,2,fifo,healthy,4801,4801,4798,0.9993751301812123,0.12368319396469045,0.21250000000007674,0.0,0.02361018479412662,0.023771109630209522,1,0,0,0,0,0,,3,0.4035089999961201,0.3125
16,5,2,ttl,healthy,4801,4801,4798,0.9993751301812123,0.12368319396469045,0.21250000000007674,0.0,0.02361018479412662,0.023771109630209522,1,0,0,0,0,0,,3,0.3944005999946967,0.375
16,5,2,latest,healthy,4801,4801,4798,0.9993751301812123,0.12368319396469045,0.21250000000007674,0.0,0.02361018479412662,0.023771109630209522,1,0,0,0,0,0,,3,0.4344122000038624,0.40625
16,5,2,latest_no_guard,healthy,4801,4801,4798,0.9993751301812123,0.12368319396469045,0.21250000000007674,0.0,0.02361018479412662,0.023771109630209522,1,0,0,0,0,0,,3,0.4807165999955032,0.421875
16,5,3,no_buffer,healthy,4801,4801,4798,0.9993751301812123,0.12369228322118926,0.21250000000007674,0.0,0.023593154346503057,0.02370489506190422,1,0,0,0,0,0,,3,0.44860719999996945,0.421875
16,5,3,fifo,healthy,4801,4801,4798,0.9993751301812123,0.12369228322118926,0.21250000000007674,0.0,0.023593154346503057,0.02370489506190422,1,0,0,0,0,0,,3,0.38145309999526944,0.359375
16,5,3,ttl,healthy,4801,4801,4798,0.9993751301812123,0.12369228322118926,0.21250000000007674,0.0,0.023593154346503057,0.02370489506190422,1,0,0,0,0,0,,3,0.4094948999991175,0.390625
16,5,3,latest,healthy,4801,4801,4798,0.9993751301812123,0.12369228322118926,0.21250000000007674,0.0,0.023593154346503057,0.02370489506190422,1,0,0,0,0,0,,3,0.47667240000737365,0.40625
16,5,3,latest_no_guard,healthy,4801,4801,4798,0.9993751301812123,0.12369228322118926,0.21250000000007674,0.0,0.023593154346503057,0.02370489506190422,1,0,0,0,0,0,,3,0.43914529999892693,0.421875
16,5,4,no_buffer,healthy,4801,4801,4798,0.9993751301812123,0.12377408652967863,0.21499999999969077,0.0,0.023603795164681314,0.023715930510708506,1,0,0,0,0,0,,3,0.4217784000065876,0.375
16,5,4,fifo,healthy,4801,4801,4798,0.9993751301812123,0.12377408652967863,0.21499999999969077,0.0,0.023603795164681314,0.023715930510708506,1,0,0,0,0,0,,3,0.38253960000292864,0.34375
16,5,4,ttl,healthy,4801,4801,4798,0.9993751301812123,0.12377408652967863,0.21499999999969077,0.0,0.023603795164681314,0.023715930510708506,1,0,0,0,0,0,,3,0.4279491000052076,0.421875
16,5,4,latest,healthy,4801,4801,4798,0.9993751301812123,0.12377408652967863,0.21499999999969077,0.0,0.023603795164681314,0.023715930510708506,1,0,0,0,0,0,,3,0.4116362999920966,0.375
16,5,4,latest_no_guard,healthy,4801,4801,4798,0.9993751301812123,0.12377408652967863,0.21499999999969077,0.0,0.023603795164681314,0.023715930510708506,1,0,0,0,0,0,,3,0.42815420000988524,0.421875
16,5,5,no_buffer,healthy,4801,4801,4798,0.9993751301812123,0.1238581621522927,0.2149999999997192,0.0,0.023626635853315738,0.02390813417259021,1,0,0,0,0,0,,3,0.41377109999302775,0.3125
16,5,5,fifo,healthy,4801,4801,4798,0.9993751301812123,0.1238581621522927,0.2149999999997192,0.0,0.023626635853315738,0.02390813417259021,1,0,0,0,0,0,,3,0.3676123000041116,0.375
16,5,5,ttl,healthy,4801,4801,4798,0.9993751301812123,0.1238581621522927,0.2149999999997192,0.0,0.023626635853315738,0.02390813417259021,1,0,0,0,0,0,,3,0.38845389999914914,0.359375
16,5,5,latest,healthy,4801,4801,4798,0.9993751301812123,0.1238581621522927,0.2149999999997192,0.0,0.023626635853315738,0.02390813417259021,1,0,0,0,0,0,,3,0.3860245000105351,0.375
16,5,5,latest_no_guard,healthy,4801,4801,4798,0.9993751301812123,0.1238581621522927,0.2149999999997192,0.0,0.023626635853315738,0.02390813417259021,1,0,0,0,0,0,,3,0.38918260000355076,0.390625
16,5,6,no_buffer,healthy,4801,4801,4799,0.9995834201208081,0.12386043446641741,0.2149999999997192,0.0,0.02362264932810548,0.023832704766613224,1,0,0,0,0,0,,2,0.41103339999972377,0.40625
16,5,6,fifo,healthy,4801,4801,4799,0.9995834201208081,0.12386043446641741,0.2149999999997192,0.0,0.02362264932810548,0.023832704766613224,1,0,0,0,0,0,,2,0.37897800000791904,0.375
16,5,6,ttl,healthy,4801,4801,4799,0.9995834201208081,0.12386043446641741,0.2149999999997192,0.0,0.02362264932810548,0.023832704766613224,1,0,0,0,0,0,,2,0.38473390000581276,0.359375
16,5,6,latest,healthy,4801,4801,4799,0.9995834201208081,0.12386043446641741,0.2149999999997192,0.0,0.02362264932810548,0.023832704766613224,1,0,0,0,0,0,,2,0.3858613000047626,0.359375
16,5,6,latest_no_guard,healthy,4801,4801,4799,0.9995834201208081,0.12386043446641741,0.2149999999997192,0.0,0.02362264932810548,0.023832704766613224,1,0,0,0,0,0,,2,0.3948946000018623,0.375
16,5,7,no_buffer,healthy,4801,4801,4799,0.9995834201208081,0.12376726958730451,0.21499999999969077,0.0,0.023598713617699194,0.02376071724833363,1,0,0,0,0,0,,2,0.38620170000649523,0.359375
16,5,7,fifo,healthy,4801,4801,4799,0.9995834201208081,0.12376726958730451,0.21499999999969077,0.0,0.023598713617699194,0.02376071724833363,1,0,0,0,0,0,,2,0.397742000001017,0.359375
16,5,7,ttl,healthy,4801,4801,4799,0.9995834201208081,0.12376726958730451,0.21499999999969077,0.0,0.023598713617699194,0.02376071724833363,1,0,0,0,0,0,,2,0.40355379998800345,0.3125
16,5,7,latest,healthy,4801,4801,4799,0.9995834201208081,0.12376726958730451,0.21499999999969077,0.0,0.023598713617699194,0.02376071724833363,1,0,0,0,0,0,,2,0.40318930000648834,0.34375
16,5,7,latest_no_guard,healthy,4801,4801,4799,0.9995834201208081,0.12376726958730451,0.21499999999969077,0.0,0.023598713617699194,0.02376071724833363,1,0,0,0,0,0,,2,0.41298209999513347,0.390625
16,5,8,no_buffer,healthy,4801,4801,4799,0.9995834201208081,0.12373318487543394,0.21250000000007674,0.0,0.023599749329196843,0.023671756283427544,1,0,0,0,0,0,,2,0.3846722000016598,0.375
16,5,8,fifo,healthy,4801,4801,4799,0.9995834201208081,0.12373318487543394,0.21250000000007674,0.0,0.023599749329196843,0.023671756283427544,1,0,0,0,0,0,,2,0.3758439999946859,0.359375
16,5,8,ttl,healthy,4801,4801,4799,0.9995834201208081,0.12373318487543394,0.21250000000007674,0.0,0.023599749329196843,0.023671756283427544,1,0,0,0,0,0,,2,0.37833730000420474,0.390625
16,5,8,latest,healthy,4801,4801,4799,0.9995834201208081,0.12373318487543394,0.21250000000007674,0.0,0.023599749329196843,0.023671756283427544,1,0,0,0,0,0,,2,0.40273779998824466,0.40625
16,5,8,latest_no_guard,healthy,4801,4801,4799,0.9995834201208081,0.12373318487543394,0.21250000000007674,0.0,0.023599749329196843,0.023671756283427544,1,0,0,0,0,0,,2,0.3947920999926282,0.40625
16,5,9,no_buffer,healthy,4801,4801,4799,0.9995834201208081,0.1237150063624363,0.21250000000007674,0.0,0.023595425013635374,0.02371467208997315,1,0,0,0,0,0,,2,0.3806890999985626,0.359375
16,5,9,fifo,healthy,4801,4801,4799,0.9995834201208081,0.1237150063624363,0.21250000000007674,0.0,0.023595425013635374,0.02371467208997315,1,0,0,0,0,0,,2,0.37100789998658,0.359375
16,5,9,ttl,healthy,4801,4801,4799,0.9995834201208081,0.1237150063624363,0.21250000000007674,0.0,0.023595425013635374,0.02371467208997315,1,0,0,0,0,0,,2,0.38619949998974334,0.375
16,5,9,latest,healthy,4801,4801,4799,0.9995834201208081,0.1237150063624363,0.21250000000007674,0.0,0.023595425013635374,0.02371467208997315,1,0,0,0,0,0,,2,0.40020889999868814,0.359375
16,5,9,latest_no_guard,healthy,4801,4801,4799,0.9995834201208081,0.1237150063624363,0.21250000000007674,0.0,0.023595425013635374,0.02371467208997315,1,0,0,0,0,0,,2,0.42215879999275785,0.390625
16,5,0,no_buffer,degraded,4801,3600,3593,0.7483857529681316,8.27782164606432,49.0,0.25,0.1886348974950092,0.10389574654698444,1,0,0,0,0,0,,7,0.515419599993038,0.453125
16,5,0,fifo,degraded,4801,3600,3592,0.7481774630285357,8.30978572077806,14.499999999999929,1.0,1.0030490584808789,7.594514322123447,1202,0,0,0,0,0,,1209,0.5365815000113798,0.546875
16,5,0,ttl,degraded,4801,3600,3596,0.7490106227869194,4.1405255862570165,20.494999999999997,0.9993069441919651,0.37540917892857567,1.0599739823567984,81,0,1121,0,0,0,,84,0.4978642999922158,0.453125
16,5,0,latest,degraded,4801,3600,3594,0.7485940429077276,0.33223163970183034,0.5175000000000765,0.0,0.06326723240833124,0.19883758778051022,16,1188,0,0,0,0,,19,0.5446927000011783,0.515625
16,5,0,latest_no_guard,degraded,4801,3600,3594,0.7485940429077276,0.33223163970183034,0.5175000000000765,0.0,0.06326723240833124,0.19883758778051022,16,1188,0,0,0,0,,19,0.5276500999898417,0.515625
16,5,1,no_buffer,degraded,4801,3600,3593,0.7483857529681316,8.278469255589862,49.0,0.25,0.1887648477572652,0.10498306284196457,1,0,0,0,0,0,,7,0.3617611000081524,0.328125
16,5,1,fifo,degraded,4801,3600,3595,0.7488023328473234,8.310244728231249,14.497499999999924,1.0,1.0032140160294518,7.601471852086559,1202,0,0,0,0,0,,1206,0.3830496000009589,0.359375
16,5,1,ttl,degraded,4801,3600,3594,0.7485940429077276,4.1455451281584885,20.515,0.9995341756044356,0.37575327846693013,1.061187504578585,81,0,1121,0,0,0,,86,0.3665972999879159,0.375
16,5,1,latest,degraded,4801,3600,3595,0.7488023328473234,0.33259293764765835,0.5174999999999699,0.0,0.06338354388921137,0.1998748567641778,16,1188,0,0,0,0,,18,0.36623770000005607,0.328125
16,5,1,latest_no_guard,degraded,4801,3600,3595,0.7488023328473234,0.33259293764765835,0.5174999999999699,0.0,0.06338354388921137,0.1998748567641778,16,1188,0,0,0,0,,18,0.35336400000960566,0.34375
16,5,2,no_buffer,degraded,4801,3600,3592,0.7481774630285357,8.278726027085952,49.0,0.25,0.18903397235562452,0.10512482098911645,1,0,0,0,0,0,,8,0.35074229999736417,0.328125
16,5,2,fifo,degraded,4801,3600,3593,0.7483857529681316,8.309851617887675,14.499999999999936,1.0,1.0034601323591876,7.596514849069493,1202,0,0,0,0,0,,1208,0.3449687999964226,0.34375
16,5,2,ttl,degraded,4801,3600,3591,0.7479691730889398,4.141893519360089,20.495000000000005,0.9993523904744592,0.37564585535325246,1.060643490924082,81,0,1121,0,0,0,,89,0.35537350000231527,0.328125
16,5,2,latest,degraded,4801,3600,3593,0.7483857529681316,0.33233616615156675,0.5175000000000516,0.0,0.06363853028498714,0.19863808585537085,16,1188,0,0,0,0,,20,0.3803898000041954,0.328125
16,5,2,latest_no_guard,degraded,4801,3600,3593,0.7483857529681316,0.33233616615156675,0.5175000000000516,0.0,0.06363853028498714,0.19863808585537085,16,1188,0,0,0,0,,20,0.36825289999251254,0.328125
16,5,3,no_buffer,degraded,4801,3600,3592,0.7481774630285357,8.277996614251922,49.0,0.25,0.18875870017695595,0.1042829952373534,1,0,0,0,0,0,,8,0.35780440000235103,0.328125
16,5,3,fifo,degraded,4801,3600,3591,0.7479691730889398,8.310247000545374,14.50749999999993,1.0,1.0032908919461838,7.592630179342222,1202,0,0,0,0,0,,1210,0.3645414000056917,0.328125
16,5,3,ttl,degraded,4801,3600,3591,0.7479691730889398,4.150485139065597,20.53,0.9993410289038357,0.3759736142893662,1.05988079781412,81,0,1121,0,0,0,,89,0.3694370000011986,0.34375
16,5,3,latest,degraded,4801,3600,3594,0.7485940429077276,0.3310204962733628,0.5174999999999965,0.0,0.0632175052816204,0.19765628897660162,16,1188,0,0,0,0,,19,0.5069848999992246,0.359375
16,5,3,latest_no_guard,degraded,4801,3600,3594,0.7485940429077276,0.3310204962733628,0.5174999999999965,0.0,0.0632175052816204,0.19765628897660162,16,1188,0,0,0,0,,19,0.3810467000002973,0.375
16,5,4,no_buffer,degraded,4801,3600,3593,0.7483857529681316,8.278051149790915,49.0,0.25,0.18872734425589513,0.10418265786568201,1,0,0,0,0,0,,7,0.3562969000049634,0.359375
16,5,4,fifo,degraded,4801,3600,3595,0.7488023328473234,8.310224277404126,14.494999999999933,1.0,1.0032137787924327,7.6015059939483605,1202,0,0,0,0,0,,1206,0.3531573000072967,0.359375
16,5,4,ttl,degraded,4801,3600,3596,0.7490106227869194,4.15080099072893,20.54,0.9992955826213415,0.3755808110110846,1.0598941972993612,81,0,1121,0,0,0,,84,0.3574553999933414,0.34375
16,5,4,latest,degraded,4801,3600,3593,0.7483857529681316,0.33218619341933625,0.5199999999999534,0.0,0.06333248783011768,0.19868784076467588,16,1188,0,0,0,0,,20,0.3616786000056891,0.34375
16,5,4,latest_no_guard,degraded,4801,3600,3593,0.7483857529681316,0.33218619341933625,0.5199999999999534,0.0,0.06333248783011768,0.19868784076467588,16,1188,0,0,0,0,,20,0.3654212999972515,0.34375
16,5,5,no_buffer,degraded,4801,3600,3595,0.7488023328473234,8.279644041992333,49.0,0.25,0.188913448677754,0.10624817348086513,1,0,0,0,0,0,,5,0.34451549999357667,0.296875
16,5,5,fifo,degraded,4801,3600,3592,0.7481774630285357,8.311151381567006,14.497499999999917,1.0,1.0035857998933218,7.596166625805777,1202,0,0,0,0,0,,1209,0.3494946999999229,0.328125
16,5,5,ttl,degraded,4801,3600,3594,0.7485940429077276,4.139809807307734,20.490000000000002,0.9993523904744592,0.37540420312823836,1.061243658899182,81,0,1121,0,0,0,,86,0.35642849998839665,0.328125
16,5,5,latest,degraded,4801,3600,3594,0.7485940429077276,0.333749545537133,0.5199999999997686,0.0,0.06357871239889576,0.20051276397501175,16,1188,0,0,0,0,,19,0.37038619999657385,0.359375
16,5,5,latest_no_guard,degraded,4801,3600,3594,0.7485940429077276,0.333749545537133,0.5199999999997686,0.0,0.06357871239889576,0.20051276397501175,16,1188,0,0,0,0,,19,0.3720188000006601,0.359375
16,5,6,no_buffer,degraded,4801,3600,3594,0.7485940429077276,8.278696487002332,49.0,0.25,0.1887496978801258,0.10450368541824083,1,0,0,0,0,0,,6,0.35812750000332016,0.359375
16,5,6,fifo,degraded,4801,3600,3592,0.7481774630285357,8.310642383203072,14.497499999999931,1.0,1.0032668565858722,7.595386540280911,1202,0,0,0,0,0,,1209,0.3698461999883875,0.359375
16,5,6,ttl,degraded,4801,3600,3596,0.7490106227869194,4.146981230685302,20.52,0.9993183057625886,0.37553663461941156,1.0613054190561315,81,0,1121,0,0,0,,84,0.3826400999969337,0.375
16,5,6,latest,degraded,4801,3600,3592,0.7481774630285357,0.33257021450641133,0.5174999999999965,0.0,0.0633056851829662,0.1993843951797794,16,1188,0,0,0,0,,21,0.38722129999950994,0.359375
16,5,6,latest_no_guard,degraded,4801,3600,3592,0.7481774630285357,0.33257021450641133,0.5174999999999965,0.0,0.0633056851829662,0.1993843951797794,16,1188,0,0,0,0,,21,0.38299680000636727,0.390625
16,5,7,no_buffer,degraded,4801,3600,3594,0.7485940429077276,8.278582871296097,49.0,0.25,0.18878521731718842,0.10500585168589181,1,0,0,0,0,0,,6,0.3534611000068253,0.34375
16,5,7,fifo,degraded,4801,3600,3595,0.7488023328473234,8.3092744501,14.497499999999924,1.0,1.0031545505700783,7.600230022383141,1202,0,0,0,0,0,,1206,0.3808178000035696,0.375
16,5,7,ttl,degraded,4801,3600,3591,0.7479691730889398,4.144097664061052,20.51,0.9993864751863297,0.3754984658846698,1.0611797112965808,81,0,1121,0,0,0,,89,0.38189340000099037,0.34375
16,5,7,latest,degraded,4801,3600,3594,0.7485940429077276,0.3325520359934137,0.5175000000000765,0.0,0.06335301857286528,0.1991018908465771,16,1188,0,0,0,0,,19,0.40656470000976697,0.40625
16,5,7,latest_no_guard,degraded,4801,3600,3594,0.7485940429077276,0.3325520359934137,0.5175000000000765,0.0,0.06335301857286528,0.1991018908465771,16,1188,0,0,0,0,,19,0.375903100008145,0.359375
16,5,8,no_buffer,degraded,4801,3600,3592,0.7481774630285357,8.278080689874537,49.0,0.25,0.18871995919638024,0.1040393427918862,1,0,0,0,0,0,,8,0.3415206999925431,0.34375
16,5,8,fifo,degraded,4801,3600,3595,0.7488023328473234,8.308885884384676,14.497499999999924,1.0,1.0035106411174877,7.599373906955866,1202,0,0,0,0,0,,1206,0.3592593999928795,0.328125
16,5,8,ttl,degraded,4801,3600,3593,0.7483857529681316,4.139130385384448,20.485000000000007,0.9994091983275768,0.3753638096263817,1.058711979051726,81,0,1121,0,0,0,,87,0.37193950000801124,0.34375
16,5,8,latest,degraded,4801,3600,3594,0.7485940429077276,0.3300229503726175,0.5150000000000396,0.0,0.06304492772280205,0.19712149542888682,16,1188,0,0,0,0,,19,0.3722574999992503,0.359375
16,5,8,latest_no_guard,degraded,4801,3600,3594,0.7485940429077276,0.3300229503726175,0.5150000000000396,0.0,0.06304492772280205,0.19712149542888682,16,1188,0,0,0,0,,19,0.37437549998867325,0.375
16,5,9,no_buffer,degraded,4801,3600,3592,0.7481774630285357,8.277685307216839,49.0,0.25,0.1886185222707744,0.1037272580566971,1,0,0,0,0,0,,8,0.3855318999994779,0.375
16,5,9,fifo,degraded,4801,3600,3593,0.7483857529681316,8.309908425740792,14.499999999999922,1.0,1.003275310032358,7.596612062210845,1202,0,0,0,0,0,,1208,0.3525389999995241,0.3125
16,5,9,ttl,degraded,4801,3600,3595,0.7488023328473234,4.144618023995609,20.505000000000003,0.9993978367569533,0.3757138794810976,1.0596680252583115,81,0,1121,0,0,0,,85,0.3608606000052532,0.359375
16,5,9,latest,degraded,4801,3600,3592,0.7481774630285357,0.33156130703504244,0.5175000000000232,0.0,0.06316259005099097,0.1984328043057276,16,1188,0,0,0,0,,21,0.3753811999922618,0.359375
16,5,9,latest_no_guard,degraded,4801,3600,3592,0.7481774630285357,0.33156130703504244,0.5175000000000232,0.0,0.06316259005099097,0.1984328043057276,16,1188,0,0,0,0,,21,0.38541829999303445,0.375
16,5,0,no_buffer,overloaded,4801,1200,1198,0.24953134763590917,24.448910993455726,56.34,0.75,0.4916815460462097,0.2038630494598364,1,0,0,0,149,0,,2,0.4321073999890359,0.421875
16,5,0,fifo,overloaded,4801,1200,1196,0.24911476775671734,24.53455621705145,43.09750000000002,1.0,0.8131054317149952,22.645169523258566,3601,0,0,0,0,0,,3605,0.44057880000036675,0.453125
16,5,0,ttl,overloaded,4801,1200,1197,0.24932305769631327,24.532972414106517,56.122499999999995,0.9998409380112707,0.7142422075402695,1.1781916124589784,80,0,3521,0,132,0,,83,0.42825930000981316,0.375
16,5,0,latest,overloaded,4801,1200,1194,0.2486981878775255,0.7034641428830721,1.1299999999999457,0.1487684057444101,0.13367442097868504,0.3020746509859964,16,3586,0,0,0,0,,21,0.40879210000275634,0.375
16,5,0,latest_no_guard,overloaded,4801,1200,1194,0.2486981878775255,0.7034641428830721,1.1299999999999457,0.1487684057444101,0.13367442097868504,0.3020746509859964,16,3586,0,0,0,0,,21,0.40516070000012405,0.40625
16,5,1,no_buffer,overloaded,4801,1200,1195,0.24890647781712144,24.448970073622966,56.34,0.75,0.4916393646360806,0.20522752117219822,1,0,0,0,166,0,,5,0.2818799999949988,0.25
16,5,1,fifo,overloaded,4801,1200,1193,0.2484898979379296,24.53610139065625,43.107500000000016,1.0,0.8132499935097129,22.592846662066897,3601,0,0,0,0,0,,3608,0.2895250000001397,0.28125
16,5,1,ttl,overloaded,4801,1200,1194,0.2486981878775255,24.53279517360479,56.122499999999995,0.9999091074350118,0.7143181755160517,1.1787611566728478,80,0,3521,0,140,0,,86,0.2978514999995241,0.234375
16,5,1,latest,overloaded,4801,1200,1195,0.24890647781712144,0.6959745955280457,1.1275000000000723,0.1422468642065079,0.132204556798829,0.29585748569784054,16,3586,0,0,0,0,,20,0.3053330999973696,0.28125
16,5,1,latest_no_guard,overloaded,4801,1200,1195,0.24890647781712144,0.6959745955280457,1.1275000000000723,0.1422468642065079,0.132204556798829,0.29585748569784054,16,3586,0,0,0,0,,20,0.3198685999959707,0.3125
16,5,2,no_buffer,overloaded,4801,1200,1194,0.2486981878775255,24.44757032812215,56.34,0.75,0.4913806711733852,0.19752973395247023,1,0,0,0,139,0,,6,0.30180260000634007,0.28125
16,5,2,fifo,overloaded,4801,1200,1195,0.24890647781712144,24.53573554808217,43.10500000000002,1.0,0.8127649626848489,22.62968112914515,3601,0,0,0,0,0,,3606,0.2906619999994291,0.296875
16,5,2,ttl,overloaded,4801,1200,1195,0.24890647781712144,24.532763361207046,56.122499999999995,0.9998522995818943,0.7145402057513806,1.1783428520181547,80,0,3521,0,139,0,,85,0.3002534999977797,0.3125
16,5,2,latest,overloaded,4801,1200,1195,0.24890647781712144,0.6961836484275186,1.127499999999996,0.1418492092346846,0.13262522586044354,0.29581489003605144,16,3586,0,0,0,0,,20,0.3006236999935936,0.296875
16,5,2,latest_no_guard,overloaded,4801,1200,1195,0.24890647781712144,0.6961836484275186,1.127499999999996,0.1418492092346846,0.13262522586044354,0.29581489003605144,16,3586,0,0,0,0,,20,0.301804999995511,0.296875
16,5,3,no_buffer,overloaded,4801,1200,1194,0.2486981878775255,24.44740672150517,56.34,0.75,0.4913652717591655,0.19795228451115654,1,0,0,0,157,0,,6,0.28407359999255277,0.28125
16,5,3,fifo,overloaded,4801,1200,1195,0.24890647781712144,24.53523336666061,43.117500000000014,1.0,0.8133567153740968,22.62756755213853,3601,0,0,0,0,0,,3606,0.298739799996838,0.28125
16,5,3,ttl,overloaded,4801,1200,1196,0.24911476775671734,24.531506771496083,56.122499999999995,0.9998636611525177,0.714098210986772,1.1747765458642399,80,0,3521,0,152,0,,84,0.28907430000253953,0.28125
16,5,3,latest,overloaded,4801,1200,1195,0.24890647781712144,0.693011497909431,1.1274999999999986,0.14070169060170878,0.1318837028402805,0.2943185313766038,16,3586,0,0,0,0,,20,0.2977134999964619,0.296875
16,5,3,latest_no_guard,overloaded,4801,1200,1195,0.24890647781712144,0.693011497909431,1.1274999999999986,0.14070169060170878,0.1318837028402805,0.2943185313766038,16,3586,0,0,0,0,,20,0.30633219999435823,0.265625
16,5,4,no_buffer,overloaded,4801,1200,1198,0.24953134763590917,24.44770666696963,56.34,0.75,0.4912500001233621,0.19927582038769356,1,0,0,0,137,0,,2,0.3224404000065988,0.296875
16,5,4,fifo,overloaded,4801,1200,1196,0.24911476775671734,24.535481048900202,43.10500000000002,1.0,0.8128905168858348,22.647636071518228,3601,0,0,0,0,0,,3605,0.287209799993434,0.296875
16,5,4,ttl,overloaded,4801,1200,1197,0.24932305769631327,24.533651836029804,56.122499999999995,0.9998522995818943,0.7144514376561919,1.183248231912939,80,0,3521,0,149,0,,83,0.2883492999972077,0.296875
16,5,4,latest,overloaded,4801,1200,1198,0.24953134763590917,0.6986922832211925,1.1299999999998107,0.14537129612797672,0.13271815046785207,0.29797048115579544,16,3586,0,0,0,0,,17,0.29648530000122264,0.25
16,5,4,latest_no_guard,overloaded,4801,1200,1198,0.24953134763590917,0.6986922832211925,1.1299999999998107,0.14537129612797672,0.13271815046785207,0.29797048115579544,16,3586,0,0,0,0,,17,0.29790370000409894,0.28125
16,5,5,no_buffer,overloaded,4801,1200,1195,0.24890647781712144,24.448679217415005,56.34,0.75,0.4916637767749529,0.20211045883490766,1,0,0,0,147,0,,5,0.288458900002297,0.265625
16,5,5,fifo,overloaded,4801,1200,1197,0.24932305769631327,24.535651472459556,43.092500000000015,1.0,0.813135672089257,22.668001541887065,3601,0,0,0,0,0,,3604,0.33452459999534767,0.3125
16,5,5,ttl,overloaded,4801,1200,1196,0.24911476775671734,24.53295423559352,56.122499999999995,0.9998750227231412,0.7144300050030674,1.1802565755674557,80,0,3521,0,156,0,,84,0.2895301000098698,0.28125
16,5,5,latest,overloaded,4801,1200,1195,0.24890647781712144,0.7018462552262825,1.1274999999998272,0.1459052899472823,0.13335960702191305,0.30099874395581494,16,3586,0,0,0,0,,20,0.2864918999985093,0.28125
16,5,5,latest_no_guard,overloaded,4801,1200,1195,0.24890647781712144,0.7018462552262825,1.1274999999998272,0.1459052899472823,0.13335960702191305,0.30099874395581494,16,3586,0,0,0,0,,20,0.28739019999920856,0.25
16,5,6,no_buffer,overloaded,4801,1200,1196,0.24911476775671734,24.4494790719869,56.34,0.75,0.49170701624734264,0.20681892907478647,1,0,0,0,156,0,,4,0.308218800011673,0.296875
16,5,6,fifo,overloaded,4801,1200,1195,0.24890647781712144,24.53611275222687,43.10000000000002,1.0,0.8135707079340757,22.63069683512281,3601,0,0,0,0,0,,3606,0.3014611000107834,0.28125
16,5,6,ttl,overloaded,4801,1200,1194,0.2486981878775255,24.532895155426278,56.122499999999995,0.9998295764406472,0.7144098502293588,1.1780641834242314,80,0,3521,0,154,0,,86,0.322640099999262,0.296875
16,5,6,latest,overloaded,4801,1200,1196,0.24911476775671734,0.6975379476458425,1.127500000000019,0.14301945100890748,0.13255763624529857,0.29706039526062683,16,3586,0,0,0,0,,19,0.32380040000134613,0.3125
16,5,6,latest_no_guard,overloaded,4801,1200,1196,0.24911476775671734,0.6975379476458425,1.127500000000019,0.14301945100890748,0.13255763624529857,0.29706039526062683,16,3586,0,0,0,0,,19,0.3070307000016328,0.3125
16,5,7,no_buffer,overloaded,4801,1200,1196,0.24911476775671734,24.447645314488266,56.34,0.75,0.49114038861019327,0.19765208051949504,1,0,0,0,143,0,,4,0.2782444000040414,0.28125
16,5,7,fifo,overloaded,4801,1200,1198,0.24953134763590917,24.534172195964373,43.10750000000002,1.0,0.8130774577152806,22.682952084003304,3601,0,0,0,0,0,,3603,0.28702679999696556,0.25
16,5,7,ttl,overloaded,4801,1200,1194,0.2486981878775255,24.531922604980902,56.122499999999995,0.9998636611525177,0.7142752746329402,1.1767046942375592,80,0,3521,0,154,0,,86,0.3067109999974491,0.3125
16,5,7,latest,overloaded,4801,1200,1195,0.24890647781712144,0.6909664151971968,1.122500000000045,0.1372477731321578,0.13124112529832094,0.29320411688435083,16,3586,0,0,0,0,,20,0.2568891999981133,0.265625
16,5,7,latest_no_guard,overloaded,4801,1200,1195,0.24890647781712144,0.6909664151971968,1.122500000000045,0.1372477731321578,0.13124112529832094,0.29320411688435083,16,3586,0,0,0,0,,20,0.27940070000477135,0.28125
16,5,8,no_buffer,overloaded,4801,1200,1196,0.24911476775671734,24.44705905744409,56.34,0.75,0.49120939672437863,0.19596753253428414,1,0,0,0,149,0,,4,0.283530199987581,0.265625
16,5,8,fifo,overloaded,4801,1200,1194,0.2486981878775255,24.5343403472096,43.09750000000001,1.0,0.8126589752711535,22.607423553071474,3601,0,0,0,0,0,,3607,0.28286940000543837,0.265625
16,5,8,ttl,overloaded,4801,1200,1195,0.24890647781712144,24.53314738229412,56.122499999999995,0.9998522995818943,0.7143507880191015,1.1818002999607453,80,0,3521,0,167,0,,85,0.29147890000604093,0.296875
16,5,8,latest,overloaded,4801,1200,1196,0.24911476775671734,0.6956019360115943,1.1250000000000533,0.14182648609343756,0.13243680125905846,0.294232954764351,16,3586,0,0,0,0,,19,0.27145349999773316,0.25
16,5,8,latest_no_guard,overloaded,4801,1200,1196,0.24911476775671734,0.6956019360115943,1.1250000000000533,0.14182648609343756,0.13243680125905846,0.294232954764351,16,3586,0,0,0,0,,19,0.2888162999879569,0.28125
16,5,9,no_buffer,overloaded,4801,1200,1198,0.24953134763590917,24.448729208325748,56.34,0.75,0.49152380902088133,0.20184106940468047,1,0,0,0,131,0,,2,0.2533990999945672,0.25
16,5,9,fifo,overloaded,4801,1200,1196,0.24911476775671734,24.535678740229052,43.09500000000002,1.0,0.813272087114944,22.647136756101087,3601,0,0,0,0,0,,3605,0.28389859999879263,0.265625
16,5,9,ttl,overloaded,4801,1200,1195,0.24890647781712144,24.532549763679324,56.122499999999995,0.9998522995818943,0.7143398219671411,1.1781789724336416,80,0,3521,0,140,0,,85,0.28772310000204016,0.25
16,5,9,latest,overloaded,4801,1200,1198,0.24953134763590917,0.6920116796945609,1.1224999999999312,0.13750908925649882,0.13138458707773348,0.29349107358300547,16,3586,0,0,0,0,,17,0.28057020000414923,0.265625
16,5,9,latest_no_guard,overloaded,4801,1200,1198,0.24953134763590917,0.6920116796945609,1.1224999999999312,0.13750908925649882,0.13138458707773348,0.29349107358300547,16,3586,0,0,0,0,,17,0.27797509999072645,0.265625
16,5,0,no_buffer,outage,4801,3601,3597,0.7492189127265153,2.2218926104344177,12.487500000000036,0.2588620250863479,0.2768526039854738,0.0535900653533349,1,0,0,0,0,0,0.240000000000002,4,0.4953291999991052,0.46875
16,5,0,fifo,outage,4801,4602,4597,0.9575088523224329,6.169588483912007,14.227500000000035,0.7110070896200691,0.7456480480653277,5.758682567642461,1201,0,0,0,0,0,,204,0.5782409999956144,0.5625
16,5,0,ttl,outage,4801,3680,3676,0.7656738179545928,2.233976776949597,12.47250000000004,0.2622477731321578,0.279774336025267,0.08505520457479356,80,0,1121,0,0,0,0.5700000000000003,4,0.5026837000041269,0.46875
16,5,0,latest,outage,4801,3616,3612,0.7523432618204541,2.211858071259722,12.450000000000035,0.258168969278313,0.2764045013832584,0.05463314626464398,16,1185,0,0,0,0,0.17999999999999972,4,0.4805365000065649,0.484375
16,5,0,latest_no_guard,outage,4801,3616,3612,0.7523432618204541,2.211858071259722,12.450000000000035,0.258168969278313,0.2764045013832584,0.05463314626464398,16,1185,0,0,0,0,0.17999999999999972,4,0.4919727999949828,0.46875
16,5,1,no_buffer,outage,4801,3601,3595,0.7488023328473234,2.2264940465369443,12.50250000000004,0.259146064351936,0.27718856006560894,0.05423094557290881,1,0,0,0,0,0,0.25,6,0.3335829999996349,0.3125
16,5,1,fifo,outage,4801,4602,4595,0.957092272443241,6.169936147973087,14.23500000000005,0.7110070896200691,0.7456570328101145,5.760581393855461,1201,0,0,0,0,0,,206,0.3843027999973856,0.359375
16,5,1,ttl,outage,4801,3680,3674,0.7652572380754009,2.231206826031582,12.46000000000004,0.2618955644428286,0.2796304533328968,0.0855743110400879,80,0,1121,0,0,0,0.5200000000000031,6,0.3443270999996457,0.3125
16,5,1,latest,outage,4801,3616,3610,0.7519266819412622,2.2145848482093675,12.457500000000039,0.25832803126704235,0.2765716217866487,0.055311124082889816,16,1185,0,0,0,0,0.20000000000000284,6,0.3438744000013685,0.34375
16,5,1,latest_no_guard,outage,4801,3616,3610,0.7519266819412622,2.2145848482093675,12.457500000000039,0.25832803126704235,0.2765716217866487,0.055311124082889816,16,1185,0,0,0,0,0.20000000000000284,6,0.3539654000051087,0.3125
16,5,2,no_buffer,outage,4801,3601,3597,0.7492189127265153,2.226709916378791,12.505000000000035,0.2591574259225595,0.27728475990536633,0.054095513955038754,1,0,0,0,0,0,0.240000000000002,4,0.38566470000660047,0.375
16,5,2,fifo,outage,4801,4602,4597,0.9575088523224329,6.169474868205772,14.227500000000049,0.7110070896200691,0.7457568971995069,5.758539313736704,1201,0,0,0,0,0,,204,0.39602929999819025,0.390625
16,5,2,ttl,outage,4801,3680,3676,0.7656738179545928,2.232127113252087,12.465000000000035,0.26223641156153427,0.279782220481164,0.08553160153453071,80,0,1121,0,0,0,0.5399999999999991,4,0.3750958000018727,0.359375
16,5,2,latest,outage,4801,3616,3612,0.7523432618204541,2.2148007180512144,12.460000000000036,0.2583393928376659,0.27665759337848395,0.0551786548367939,16,1185,0,0,0,0,0.20000000000000284,4,0.35787589999381453,0.359375
16,5,2,latest_no_guard,outage,4801,3616,3612,0.7523432618204541,2.2148007180512144,12.460000000000036,0.2583393928376659,0.27665759337848395,0.0551786548367939,16,1185,0,0,0,0,0.20000000000000284,4,0.37270550000539515,0.359375
16,5,3,no_buffer,outage,4801,3601,3596,0.7490106227869194,2.22679626431553,12.505000000000042,0.2591915106344301,0.27726073239582477,0.05366558398049879,1,0,0,0,0,0,0.25,5,0.355352500002482,0.34375
16,5,3,fifo,outage,4801,4602,4594,0.956883982503645,6.168986320668961,14.237500000000047,0.7110070896200691,0.7455737952195348,5.760240838436507,1201,0,0,0,0,0,,207,0.40496149999671616,0.390625
16,5,3,ttl,outage,4801,3680,3675,0.7654655280149969,2.2311068442100948,12.462500000000034,0.2622477731321578,0.2793882012399467,0.0851861217819985,80,0,1121,0,0,0,0.5200000000000031,5,0.35915260000911076,0.34375
16,5,3,latest,outage,4801,3616,3611,0.7521349718808582,2.2179546900563043,12.472500000000036,0.25857798582075986,0.2767341447478385,0.054815921890719634,16,1185,0,0,0,0,0.17999999999999972,5,0.33448000000498723,0.3125
16,5,3,latest_no_guard,outage,4801,3616,3611,0.7521349718808582,2.2179546900563043,12.472500000000036,0.25857798582075986,0.2767341447478385,0.054815921890719634,16,1185,0,0,0,0,0.17999999999999972,5,0.3481554000027245,0.34375
16,5,4,no_buffer,outage,4801,3601,3596,0.7490106227869194,2.220167924013767,12.482500000000037,0.25877113252135975,0.27674818071510077,0.05329797780636377,1,0,0,0,0,0,0.23000000000000398,5,0.3500999999960186,0.34375
16,5,4,fifo,outage,4801,4602,4593,0.9566756925640492,6.16952713143064,14.23500000000005,0.7110070896200691,0.7456484951697,5.761457331975796,1201,0,0,0,0,0,,208,0.3824562999943737,0.34375
16,5,4,ttl,outage,4801,3680,3675,0.7654655280149969,2.2299775040901166,12.457500000000039,0.262100072714052,0.279374647035083,0.08478915335488942,80,0,1121,0,0,0,0.5300000000000011,5,0.3508548000099836,0.359375
16,5,4,latest,outage,4801,3616,3611,0.7521349718808582,2.216779903653832,12.470000000000034,0.25852117796764224,0.2765406307525302,0.054435554305310496,16,1185,0,0,0,0,0.20000000000000284,5,0.3497950999881141,0.3125
16,5,4,latest_no_guard,outage,4801,3616,3611,0.7521349718808582,2.216779903653832,12.470000000000034,0.25852117796764224,0.2765406307525302,0.054435554305310496,16,1185,0,0,0,0,0.20000000000000284,5,0.35272140000597574,0.296875
16,5,5,no_buffer,outage,4801,3601,3597,0.7492189127265153,2.2276165697145482,12.505000000000038,0.2591801490638066,0.27725489032608786,0.054824954852988994,1,0,0,0,0,0,0.259999999999998,4,0.3449847000010777,0.328125
16,5,5,fifo,outage,4801,4602,4595,0.957092272443241,6.170286084348292,14.230000000000047,0.7110070896200691,0.7457733155594077,5.760774163483014,1201,0,0,0,0,0,,206,0.3729926000087289,0.359375
16,5,5,ttl,outage,4801,3680,3676,0.7656738179545928,2.231150018178464,12.457500000000039,0.2617251408834757,0.27969512176541156,0.0861252662081086,80,0,1121,0,0,0,0.5500000000000043,4,0.34086549999483395,0.296875
16,5,5,latest,outage,4801,3616,3612,0.7523432618204541,2.21621864206503,12.462500000000034,0.2583962006907835,0.276638800112476,0.055900701846441386,16,1185,0,0,0,0,0.1700000000000017,4,0.3547269000118831,0.3125
16,5,5,latest_no_guard,outage,4801,3616,3612,0.7523432618204541,2.21621864206503,12.462500000000034,0.2583962006907835,0.276638800112476,0.055900701846441386,16,1185,0,0,0,0,0.1700000000000017,4,0.37375149999570567,0.375
16,5,6,no_buffer,outage,4801,3601,3596,0.7490106227869194,2.226334984548215,12.502500000000037,0.2591347027813125,0.2772637822422719,0.053915912886422605,1,0,0,0,0,0,0.28000000000000114,5,0.3559709999972256,0.296875
16,5,6,fifo,outage,4801,4602,4596,0.9573005623828369,6.170008862025078,14.227500000000049,0.7110070896200691,0.7458861428153518,5.759660158764187,1201,0,0,0,0,0,,205,0.3894501000031596,0.3125
16,5,6,ttl,outage,4801,3680,3675,0.7654655280149969,2.233897245955232,12.470000000000041,0.2622477731321578,0.2797985759514379,0.08542765303707586,80,0,1121,0,0,0,0.5500000000000043,5,0.34682099999918137,0.34375
16,5,6,latest,outage,4801,3616,3611,0.7521349718808582,2.214937056898697,12.460000000000036,0.2583507544082894,0.27652227157058495,0.055001147139522914,16,1185,0,0,0,0,0.21000000000000085,5,0.3656507999985479,0.34375
16,5,6,latest_no_guard,outage,4801,3616,3611,0.7521349718808582,2.214937056898697,12.460000000000036,0.2583507544082894,0.27652227157058495,0.055001147139522914,16,1185,0,0,0,0,0.21000000000000085,5,0.3988850000023376,0.375
16,5,7,no_buffer,outage,4801,3601,3596,0.7490106227869194,2.2252533630248554,12.500000000000036,0.25906653335757135,0.2771340574069342,0.054083569059759945,1,0,0,0,0,0,0.28000000000000114,5,0.3477861999999732,0.359375
16,5,7,fifo,outage,4801,4602,4597,0.9575088523224329,6.169270359934549,14.230000000000047,0.7110070896200691,0.745693657998035,5.758452352729699,1201,0,0,0,0,0,,204,0.3774730000004638,0.359375
16,5,7,ttl,outage,4801,3680,3675,0.7654655280149969,2.2316953735683933,12.462500000000038,0.2620432648609344,0.27977481259497505,0.08551844268130977,80,0,1121,0,0,0,0.480000000000004,5,0.35217670000565704,0.34375
16,5,7,latest,outage,4801,3616,3611,0.7521349718808582,2.2155596709688656,12.462500000000034,0.2583962006907835,0.2764882384016706,0.05517533105461015,16,1185,0,0,0,0,0.21000000000000085,5,0.34891630000493024,0.328125
16,5,7,latest_no_guard,outage,4801,3616,3611,0.7521349718808582,2.2155596709688656,12.462500000000034,0.2583962006907835,0.2764882384016706,0.05517533105461015,16,1185,0,0,0,0,0.21000000000000085,5,0.35616700000537094,0.34375
16,5,8,no_buffer,outage,4801,3601,3596,0.7490106227869194,2.2264690510815726,12.505000000000035,0.2591574259225595,0.27719727828292795,0.0536385861265807,1,0,0,0,0,0,0.2700000000000031,5,0.3549912000016775,0.3125
16,5,8,fifo,outage,4801,4602,4595,0.957092272443241,6.169054490092702,14.235000000000039,0.7110070896200691,0.7456367357649808,5.759443447377434,1201,0,0,0,0,0,,206,0.3817696000041906,0.375
16,5,8,ttl,outage,4801,3680,3675,0.7654655280149969,2.229884339211004,12.457500000000035,0.26217960370841664,0.2794099198505781,0.08498415401483629,80,0,1121,0,0,0,0.5399999999999991,5,0.35187740001128986,0.3125
16,5,8,latest,outage,4801,3616,3611,0.7521349718808582,2.2118330758043503,12.450000000000035,0.25815760770768953,0.27635292770751274,0.05466700772754957,16,1185,0,0,0,0,0.18999999999999773,5,0.3564669000043068,0.34375
16,5,8,latest_no_guard,outage,4801,3616,3611,0.7521349718808582,2.2118330758043503,12.450000000000035,0.25815760770768953,0.27635292770751274,0.05466700772754957,16,1185,0,0,0,0,0.18999999999999773,5,0.34058630000799894,0.3125
16,5,9,no_buffer,outage,4801,3601,3596,0.7490106227869194,2.2242989910924797,12.497500000000038,0.2590438102163243,0.2768853147344883,0.053352770349042025,1,0,0,0,0,0,0.25,5,0.3422724999982165,0.328125
16,5,9,fifo,outage,4801,4602,4595,0.957092272443241,6.169163561170688,14.235000000000046,0.7110070896200691,0.7455803229875347,5.759733753840386,1201,0,0,0,0,0,,206,0.3657688999956008,0.34375
16,5,9,ttl,outage,4801,3680,3675,0.7654655280149969,2.2316931012542685,12.465000000000035,0.26196373386656974,0.27958993901315665,0.0847594834269703,80,0,1121,0,0,0,0.5300000000000011,5,0.3520658000052208,0.328125
16,5,9,latest,outage,4801,3616,3611,0.7521349718808582,2.2134123341210197,12.457500000000035,0.2582939465551718,0.276405573093346,0.05442566900161711,16,1185,0,0,0,0,0.1700000000000017,5,0.34504920001199935,0.296875
16,5,9,latest_no_guard,outage,4801,3616,3611,0.7521349718808582,2.2134123341210197,12.457500000000035,0.2582939465551718,0.276405573093346,0.05442566900161711,16,1185,0,0,0,0,0.1700000000000017,5,0.35761260001163464,0.328125
16,10,0,no_buffer,healthy,9601,6001,5999,0.6248307467972086,12.234769601549587,52.67,0.375,0.24780455807602833,0.025644678691240895,1,0,0,0,0,0,,2,0.6979922999889823,0.6875
16,10,0,fifo,healthy,9601,9601,9597,0.9995833767315905,0.0744211279765199,0.11999999999945743,0.0,0.014199638031722256,0.02445017091342895,2,0,0,0,0,0,,4,0.8324041000014404,0.8125
16,10,0,ttl,healthy,9601,9601,9597,0.9995833767315905,0.0744211279765199,0.11999999999945743,0.0,0.014199638031722256,0.02445017091342895,2,0,0,0,0,0,,4,0.846918099996401,0.78125
16,10,0,latest,healthy,9601,9601,9597,0.9995833767315905,0.0744211279765199,0.11999999999945743,0.0,0.014199638031722256,0.02445017091342895,2,0,0,0,0,0,,4,0.8691879999969387,0.859375
16,10,0,latest_no_guard,healthy,9601,9601,9597,0.9995833767315905,0.0744211279765199,0.11999999999945743,0.0,0.014199638031722256,0.02445017091342895,2,0,0,0,0,0,,4,0.8870057000021916,0.84375
16,10,1,no_buffer,healthy,9601,6001,5998,0.6247265909801062,12.23479005237671,52.67,0.375,0.24780750917589417,0.02566655519989239,1,0,0,0,0,0,,3,0.46405029999732506,0.4375
16,10,1,fifo,healthy,9601,9601,9596,0.999479220914488,0.0743756816940258,0.11875000000004121,0.0,0.014188357283027501,0.024397431653864207,2,0,0,0,0,0,,5,0.5629268000047887,0.484375
16,10,1,ttl,healthy,9601,9601,9596,0.999479220914488,0.0743756816940258,0.11875000000004121,0.0,0.014188357283027501,0.024397431653864207,2,0,0,0,0,0,,5,0.5478460000013001,0.53125
16,10,1,latest,healthy,9601,9601,9596,0.999479220914488,0.0743756816940258,0.11875000000004121,0.0,0.014188357283027501,0.024397431653864207,2,0,0,0,0,0,,5,0.5689332000038121,0.53125
16,10,1,latest_no_guard,healthy,9601,9601,9596,0.999479220914488,0.0743756816940258,0.11875000000004121,0.0,0.014188357283027501,0.024397431653864207,2,0,0,0,0,0,,5,0.5495241000025999,0.515625
16,10,2,no_buffer,healthy,9601,6001,5999,0.6248307467972086,12.234784371591397,52.67,0.375,0.2478077208582595,0.02573190735690069,1,0,0,0,0,0,,2,0.4025434000068344,0.40625
16,10,2,fifo,healthy,9601,9601,9597,0.9995833767315905,0.07435863933809052,0.11875000000003766,0.0,0.014184190333033513,0.02442527113981714,2,0,0,0,0,0,,4,0.5146539999986999,0.484375
16,10,2,ttl,healthy,9601,9601,9597,0.9995833767315905,0.07435863933809052,0.11875000000003766,0.0,0.014184190333033513,0.02442527113981714,2,0,0,0,0,0,,4,0.5110361999977613,0.484375
16,10,2,latest,healthy,9601,9601,9597,0.9995833767315905,0.07435863933809052,0.11875000000003766,0.0,0.014184190333033513,0.02442527113981714,2,0,0,0,0,0,,4,0.5405838000006042,0.515625
16,10,2,latest_no_guard,healthy,9601,9601,9597,0.9995833767315905,0.07435863933809052,0.11875000000003766,0.0,0.014184190333033513,0.02442527113981714,2,0,0,0,0,0,,4,0.5318999000010081,0.515625
16,10,3,no_buffer,healthy,9601,6001,5998,0.6247265909801062,12.234783235434335,52.67,0.375,0.24780968199711012,0.025664343420105182,1,0,0,0,0,0,,3,0.44349740000325255,0.4375
16,10,3,fifo,healthy,9601,9601,9596,0.999479220914488,0.07436204780927758,0.11875000000003766,0.0,0.014190159912063271,0.02436577376653826,2,0,0,0,0,0,,5,0.5381669999915175,0.484375
16,10,3,ttl,healthy,9601,9601,9596,0.999479220914488,0.07436204780927758,0.11875000000003766,0.0,0.014190159912063271,0.02436577376653826,2,0,0,0,0,0,,5,0.516866799996933,0.484375
16,10,3,latest,healthy,9601,9601,9596,0.999479220914488,0.07436204780927758,0.11875000000003766,0.0,0.014190159912063271,0.02436577376653826,2,0,0,0,0,0,,5,0.5114754999958677,0.515625
16,10,3,latest_no_guard,healthy,9601,9601,9596,0.999479220914488,0.07436204780927758,0.11875000000003766,0.0,0.014190159912063271,0.02436577376653826,2,0,0,0,0,0,,5,0.5224268000019947,0.5
16,10,4,no_buffer,healthy,9601,6001,5998,0.6247265909801062,12.234876400313448,52.67,0.375,0.2478261243750996,0.025742786139743117,1,0,0,0,0,0,,3,0.4248546000017086,0.40625
16,10,4,fifo,healthy,9601,9601,9596,0.999479220914488,0.07442680876183165,0.11999999999947875,0.0,0.014200791083607476,0.02439490789809925,2,0,0,0,0,0,,5,0.5120329999917885,0.5
16,10,4,ttl,healthy,9601,9601,9596,0.999479220914488,0.07442680876183165,0.11999999999947875,0.0,0.014200791083607476,0.02439490789809925,2,0,0,0,0,0,,5,0.5333862000115914,0.515625
16,10,4,latest,healthy,9601,9601,9596,0.999479220914488,0.07442680876183165,0.11999999999947875,0.0,0.014200791083607476,0.02439490789809925,2,0,0,0,0,0,,5,0.7299288000067463,0.609375
16,10,4,latest_no_guard,healthy,9601,9601,9596,0.999479220914488,0.07442680876183165,0.11999999999947875,0.0,0.014200791083607476,0.02439490789809925,2,0,0,0,0,0,,5,0.6213056999986293,0.578125
16,10,5,no_buffer,healthy,9601,6001,5998,0.6247265909801062,12.234874127999323,52.67,0.375,0.24783272053458294,0.025835867875391466,1,0,0,0,0,0,,3,0.47847670000919607,0.484375
16,10,5,fifo,healthy,9601,9601,9596,0.999479220914488,0.07451315669857043,0.11999999999959243,0.0,0.014220039063937434,0.024539664628104443,2,0,0,0,0,0,,5,0.5909058999968693,0.546875
16,10,5,ttl,healthy,9601,9601,9596,0.999479220914488,0.07451315669857043,0.11999999999959243,0.0,0.014220039063937434,0.024539664628104443,2,0,0,0,0,0,,5,0.590199099999154,0.546875
16,10,5,latest,healthy,9601,9601,9596,0.999479220914488,0.07451315669857043,0.11999999999959243,0.0,0.014220039063937434,0.024539664628104443,2,0,0,0,0,0,,5,0.5589410999964457,0.546875
16,10,5,latest_no_guard,healthy,9601,9601,9596,0.999479220914488,0.07451315669857043,0.11999999999959243,0.0,0.014220039063937434,0.024539664628104443,2,0,0,0,0,0,,5,0.49849250000261236,0.484375
16,10,6,no_buffer,healthy,9601,6001,5998,0.6247265909801062,12.234753695350713,52.67,0.375,0.24780061925701927,0.025637209015975295,1,0,0,0,0,0,,3,0.3933287999971071,0.390625
16,10,6,fifo,healthy,9601,9601,9596,0.999479220914488,0.07438704326464932,0.11999999999943611,0.0,0.014185419079484132,0.024393602124827232,2,0,0,0,0,0,,5,0.4975709000136703,0.484375
16,10,6,ttl,healthy,9601,9601,9596,0.999479220914488,0.07438704326464932,0.11999999999943611,0.0,0.014185419079484132,0.024393602124827232,2,0,0,0,0,0,,5,0.5045248000096763,0.46875
16,10,6,latest,healthy,9601,9601,9596,0.999479220914488,0.07438704326464932,0.11999999999943611,0.0,0.014185419079484132,0.024393602124827232,2,0,0,0,0,0,,5,0.5427856000023894,0.515625
16,10,6,latest_no_guard,healthy,9601,9601,9596,0.999479220914488,0.07438704326464932,0.11999999999943611,0.0,0.014185419079484132,0.024393602124827232,2,0,0,0,0,0,,5,0.5465198000019882,0.546875
16,10,7,no_buffer,healthy,9601,6001,5998,0.6247265909801062,12.234827545559765,52.67,0.375,0.24782277669498215,0.025736893774065853,1,0,0,0,0,0,,3,0.42580939999606926,0.40625
16,10,7,fifo,healthy,9601,9601,9596,0.999479220914488,0.07439613252114814,0.11999999999944322,0.0,0.014193074358026494,0.024394947758427685,2,0,0,0,0,0,,5,0.5029926999995951,0.46875
16,10,7,ttl,healthy,9601,9601,9596,0.999479220914488,0.07439613252114814,0.11999999999944322,0.0,0.014193074358026494,0.024394947758427685,2,0,0,0,0,0,,5,0.5081793999997899,0.484375
16,10,7,latest,healthy,9601,9601,9596,0.999479220914488,0.07439613252114814,0.11999999999944322,0.0,0.014193074358026494,0.024394947758427685,2,0,0,0,0,0,,5,0.5256629000068642,0.53125
16,10,7,latest_no_guard,healthy,9601,9601,9596,0.999479220914488,0.07439613252114814,0.11999999999944322,0.0,0.014193074358026494,0.024394947758427685,2,0,0,0,0,0,,5,0.5151272000075551,0.484375
16,10,8,no_buffer,healthy,9601,6001,5998,0.6247265909801062,12.234744606094214,52.67,0.375,0.24779862071988296,0.025547759544903965,1,0,0,0,0,0,,3,0.4098476000071969,0.390625
16,10,8,fifo,healthy,9601,9601,9596,0.999479220914488,0.07433818851096817,0.1187500000000341,0.0,0.014178724420850655,0.024306894402720658,2,0,0,0,0,0,,5,0.4996612999966601,0.46875
16,10,8,ttl,healthy,9601,9601,9596,0.999479220914488,0.07433818851096817,0.1187500000000341,0.0,0.014178724420850655,0.024306894402720658,2,0,0,0,0,0,,5,0.5033946000039577,0.484375
16,10,8,latest,healthy,9601,9601,9596,0.999479220914488,0.07433818851096817,0.1187500000000341,0.0,0.014178724420850655,0.024306894402720658,2,0,0,0,0,0,,5,0.5184980000049109,0.5
16,10,8,latest_no_guard,healthy,9601,9601,9596,0.999479220914488,0.07433818851096817,0.1187500000000341,0.0,0.014178724420850655,0.024306894402720658,2,0,0,0,0,0,,5,0.5450039999996079,0.546875
16,10,9,no_buffer,healthy,9601,6001,5999,0.6248307467972086,12.234728699895342,52.67,0.375,0.24780176964561493,0.02561531556770005,1,0,0,0,0,0,,2,0.414827200002037,0.40625
16,10,9,fifo,healthy,9601,9601,9597,0.9995833767315905,0.07433250772565642,0.1187500000000341,0.0,0.014180087550902614,0.024372149266027477,2,0,0,0,0,0,,4,0.5048774000024423,0.453125
16,10,9,ttl,healthy,9601,9601,9597,0.9995833767315905,0.07433250772565642,0.1187500000000341,0.0,0.014180087550902614,0.024372149266027477,2,0,0,0,0,0,,4,0.5100751999998465,0.515625
16,10,9,latest,healthy,9601,9601,9597,0.9995833767315905,0.07433250772565642,0.1187500000000341,0.0,0.014180087550902614,0.024372149266027477,2,0,0,0,0,0,,4,0.509621999997762,0.5
16,10,9,latest_no_guard,healthy,9601,9601,9597,0.9995833767315905,0.07433250772565642,0.1187500000000341,0.0,0.014180087550902614,0.024372149266027477,2,0,0,0,0,0,,4,0.5114275999949314,0.5
16,10,0,no_buffer,degraded,9601,3600,3592,0.3741276950317675,20.368843377908483,55.6,0.625,0.4085720477101773,0.10430795773173737,1,0,0,0,438,0,,8,0.5767197999957716,0.5625
16,10,0,fifo,degraded,9601,3600,3592,0.3741276950317675,20.404893996546093,35.87249999999996,1.0,0.9089753876383381,18.81640846187845,6002,0,0,0,0,0,,6009,0.6065760999917984,0.578125
16,10,0,ttl,degraded,9601,3600,3595,0.37444016248307466,18.607415129067366,53.96125,1.0,0.6191653341374012,1.0851117209794439,162,0,5840,0,420,0,,166,0.5957245000026887,0.546875
16,10,0,latest,degraded,9601,3600,3595,0.37444016248307466,0.28402619978164845,0.4499999999995623,0.0,0.05409255758666951,0.15006714266765475,16,5986,0,0,0,0,,20,0.6052426999958698,0.59375
16,10,0,latest_no_guard,degraded,9601,3600,3595,0.37444016248307466,0.28402619978164845,0.4499999999995623,0.0,0.05409255758666951,0.15006714266765475,16,5986,0,0,0,0,,20,0.6006326000060653,0.59375
16,10,1,no_buffer,degraded,9601,3600,3596,0.3745443183001771,20.36902061841021,55.6,0.625,0.4085914541359141,0.10495809627227982,1,0,0,0,464,0,,4,0.33918439999979455,0.28125
16,10,1,fifo,degraded,9601,3600,3595,0.37444016248307466,20.405122364115623,35.87999999999996,1.0,0.9090653702757417,18.832737498818123,6002,0,0,0,0,0,,6006,0.34135290000995155,0.34375
16,10,1,ttl,degraded,9601,3600,3594,0.3743360066659723,18.60980673968362,53.96125,1.0,0.6193585321492779,1.0843305207001963,162,0,5840,0,416,0,,167,0.34851919999346137,0.296875
16,10,1,latest,degraded,9601,3600,3596,0.3745443183001771,0.2824901154333481,0.44875000000002885,0.0,0.05377873118937281,0.14985198804335279,16,5986,0,0,0,0,,19,0.36507240000355523,0.34375
16,10,1,latest_no_guard,degraded,9601,3600,3596,0.3745443183001771,0.2824901154333481,0.44875000000002885,0.0,0.05377873118937281,0.14985198804335279,16,5986,0,0,0,0,,19,0.3758056999940891,0.34375
16,10,2,no_buffer,degraded,9601,3600,3594,0.3743360066659723,20.368963810557094,55.6,0.625,0.40864098922636866,0.10451273812811912,1,0,0,0,431,0,,6,0.34504179999930784,0.328125
16,10,2,fifo,degraded,9601,3600,3593,0.3742318508488699,20.404925808943837,35.87999999999997,1.0,0.9089293712799966,18.821514849069484,6002,0,0,0,0,0,,6008,0.3458264000073541,0.328125
16,10,2,ttl,degraded,9601,3600,3593,0.3742318508488699,18.610610002726702,53.96125,1.0,0.6194966509560507,1.0863023251907942,162,0,5840,0,442,0,,168,0.35586169999442063,0.359375
16,10,2,latest,degraded,9601,3600,3593,0.3742318508488699,0.28326383839281005,0.4487499999999649,0.0,0.05395985854010684,0.14990951749726017,16,5986,0,0,0,0,,22,0.36801040000864305,0.328125
16,10,2,latest_no_guard,degraded,9601,3600,3593,0.3742318508488699,0.28326383839281005,0.4487499999999649,0.0,0.05395985854010684,0.14990951749726017,16,5986,0,0,0,0,,22,0.36991480000142474,0.34375
16,10,3,no_buffer,degraded,9601,3600,3596,0.3745443183001771,20.368725217574,55.6,0.625,0.4085561666156303,0.10377601090314101,1,0,0,0,470,0,,4,0.3462104999925941,0.328125
16,10,3,fifo,degraded,9601,3600,3591,0.37402353921466513,20.405123500272687,35.87999999999997,1.0,0.9089118418304517,18.811383660266745,6002,0,0,0,0,0,,6010,0.3466296999977203,0.34375
16,10,3,ttl,degraded,9601,3600,3595,0.37444016248307466,18.61296639247402,53.96125,1.0,0.6196970451942154,1.0853334602935285,162,0,5840,0,450,0,,166,0.4144133000081638,0.390625
16,10,3,latest,degraded,9601,3600,3595,0.37444016248307466,0.2823696827847388,0.4487500000000253,0.0,0.05393098902653238,0.148859163087953,16,5986,0,0,0,0,,20,0.41079029999673367,0.375
16,10,3,latest_no_guard,degraded,9601,3600,3595,0.37444016248307466,0.2823696827847388,0.4487500000000253,0.0,0.05393098902653238,0.148859163087953,16,5986,0,0,0,0,,20,0.5200124000111828,0.453125
16,10,4,no_buffer,degraded,9601,3600,3595,0.37444016248307466,20.36938759714135,55.6,0.625,0.4087011072226326,0.10556151578699777,1,0,0,0,430,0,,5,0.37794999999459833,0.34375
16,10,4,fifo,degraded,9601,3600,3595,0.37444016248307466,20.405112138702062,35.87249999999996,1.0,0.9090419911462134,18.832755993948354,6002,0,0,0,0,0,,6006,0.36566250000032596,0.359375
16,10,4,ttl,degraded,9601,3600,3597,0.3746484741172795,18.613716256135174,53.96125,1.0,0.6196652696955243,1.0859720951488963,162,0,5840,0,449,0,,164,0.3511097000009613,0.34375
16,10,4,latest,degraded,9601,3600,3594,0.3743360066659723,0.28165617614958155,0.44874999999957055,0.0,0.053765000554768155,0.14822901521513643,16,5986,0,0,0,0,,21,0.38132149999728426,0.34375
16,10,4,latest_no_guard,degraded,9601,3600,3594,0.3743360066659723,0.28165617614958155,0.44874999999957055,0.0,0.053765000554768155,0.14822901521513643,16,5986,0,0,0,0,,21,0.3714617000077851,0.375
16,10,5,no_buffer,degraded,9601,3600,3593,0.3742318508488699,20.369216037424934,55.6,0.625,0.40872661386693765,0.1059649323524099,1,0,0,0,480,0,,7,0.3438902999914717,0.34375
16,10,5,fifo,degraded,9601,3600,3592,0.3741276950317675,20.405575690783504,35.87374999999997,1.0,0.9090457936394399,18.8180433657835,6002,0,0,0,0,0,,6009,0.3619592000031844,0.359375
16,10,5,ttl,degraded,9601,3600,3592,0.3741276950317675,18.609757884929937,53.96125,1.0,0.619436887211986,1.0868117244423998,162,0,5840,0,456,0,,169,0.3665407999942545,0.328125
16,10,5,latest,degraded,9601,3600,3595,0.37444016248307466,0.2849010407196597,0.45124999999979565,0.0,0.054348363896963785,0.15141357164844832,16,5986,0,0,0,0,,20,0.3725807999871904,0.375
16,10,5,latest_no_guard,degraded,9601,3600,3595,0.37444016248307466,0.2849010407196597,0.45124999999979565,0.0,0.054348363896963785,0.15141357164844832,16,5986,0,0,0,0,,20,0.39188329999160487,0.359375
16,10,6,no_buffer,degraded,9601,3600,3594,0.3743360066659723,20.368935406630534,55.6,0.625,0.40861542698931397,0.10483360112510556,1,0,0,0,457,0,,6,0.35583580000093207,0.34375
16,10,6,fifo,degraded,9601,3600,3592,0.3741276950317675,20.405321191601537,35.87999999999997,1.0,0.90906138342397,18.81727198014727,6002,0,0,0,0,0,,6009,0.3549209000047995,0.34375
16,10,6,ttl,degraded,9601,3600,3593,0.3742318508488699,18.612538061261514,53.96125,1.0,0.6195446133491022,1.0849094603071605,162,0,5840,0,422,0,,168,0.35602409999410156,0.34375
16,10,6,latest,degraded,9601,3600,3595,0.37444016248307466,0.2845533766585799,0.4499999999995552,0.0,0.05419673674970278,0.15141053287816061,16,5986,0,0,0,0,,20,0.40762320000794716,0.390625
16,10,6,latest_no_guard,degraded,9601,3600,3595,0.37444016248307466,0.2845533766585799,0.4499999999995552,0.0,0.05419673674970278,0.15141053287816061,16,5986,0,0,0,0,,20,0.4045901000063168,0.390625
16,10,7,no_buffer,degraded,9601,3600,3594,0.3743360066659723,20.36887064567798,55.6,0.625,0.40864766913558326,0.10435882701698293,1,0,0,0,445,0,,6,0.3698076000000583,0.375
16,10,7,fifo,degraded,9601,3600,3595,0.37444016248307466,20.40463722505,35.86999999999997,1.0,0.909284312197733,18.831485237960322,6002,0,0,0,0,0,,6006,0.35624760000791866,0.34375
16,10,7,ttl,degraded,9601,3600,3594,0.3743360066659723,18.612224481912303,53.96125,1.0,0.6196762045528024,1.0867884728659762,162,0,5840,0,444,0,,167,0.38363210001261905,0.375
16,10,7,latest,degraded,9601,3600,3595,0.37444016248307466,0.28306841937808547,0.44999999999949836,0.0,0.05407233440338217,0.14984026494188685,16,5986,0,0,0,0,,20,0.396894000004977,0.390625
16,10,7,latest_no_guard,degraded,9601,3600,3595,0.37444016248307466,0.28306841937808547,0.44999999999949836,0.0,0.05407233440338217,0.14984026494188685,16,5986,0,0,0,0,,20,0.38579469999240246,0.34375
16,10,8,no_buffer,degraded,9601,3600,3595,0.37444016248307466,20.368553657857582,55.6,0.625,0.4084979725724424,0.10352838003363211,1,0,0,0,462,0,,5,0.357642200004193,0.359375
16,10,8,fifo,degraded,9601,3600,3595,0.37444016248307466,20.40444294219234,35.87874999999996,1.0,0.90902028776644,18.830632599584508,6002,0,0,0,0,0,,6006,0.3446161000028951,0.3125
16,10,8,ttl,degraded,9601,3600,3592,0.3741276950317675,18.60976470187231,53.96125,1.0,0.619438319467623,1.084049445459032,162,0,5840,0,438,0,,169,0.38292010000441223,0.390625
16,10,8,latest,degraded,9601,3600,3594,0.3743360066659723,0.2828945873475455,0.44999999999991047,0.0,0.05399852522652008,0.14939396535495647,16,5986,0,0,0,0,,21,0.5554646000091452,0.359375
16,10,8,latest_no_guard,degraded,9601,3600,3594,0.3743360066659723,0.2828945873475455,0.44999999999991047,0.0,0.05399852522652008,0.14939396535495647,16,5986,0,0,0,0,,21,0.3774769000010565,0.359375
16,10,9,no_buffer,degraded,9601,3600,3592,0.3741276950317675,20.36888996034804,55.6,0.625,0.4086358273682235,0.10462094907226424,1,0,0,0,446,0,,8,0.366021499998169,0.359375
16,10,9,fifo,degraded,9601,3600,3593,0.3742318508488699,20.404954212870397,35.87499999999997,1.0,0.9090377410470899,18.821620759678133,6002,0,0,0,0,0,,6008,0.35626879999472294,0.328125
16,10,9,ttl,degraded,9601,3600,3593,0.3742318508488699,18.61227447282305,53.96125,1.0,0.6195889871244451,1.0844914754156776,162,0,5840,0,418,0,,168,0.3563692000025185,0.34375
16,10,9,latest,degraded,9601,3600,3593,0.3742318508488699,0.2839921150697779,0.45000000000000995,0.0,0.05415625904261955,0.1504337513958396,16,5986,0,0,0,0,,22,0.3762896999978693,0.375
16,10,9,latest_no_guard,degraded,9601,3600,3593,0.3742318508488699,0.2839921150697779,0.45000000000000995,0.0,0.05415625904261955,0.1504337513958396,16,5986,0,0,0,0,,22,0.37351409999246243,0.375
16,10,0,no_buffer,overloaded,9601,1200,1195,0.12446620143735028,28.465631674922715,56.86,0.875,0.5629268854469951,0.20602058710043816,1,0,0,0,383,0,,5,0.4896366999892052,0.453125
16,10,0,fifo,overloaded,9601,1200,1196,0.12457035725445266,28.517272427740412,50.180000000000014,1.0,0.8507372702339219,26.37957065202111,8401,0,0,0,0,0,,8405,0.5288437999988673,0.484375
16,10,0,ttl,overloaded,9601,1200,1194,0.12436204562024789,28.51353106253406,56.775,0.9998863842937648,0.8018453677808293,1.1843940721982507,161,0,8241,0,413,0,,166,0.5044183999998495,0.484375
16,10,0,latest,overloaded,9601,1200,1196,0.12457035725445266,0.6535351526993036,1.0750000000000384,0.10164061079803673,0.12427072758176096,0.25306060772341377,16,8385,0,0,0,0,,20,0.5140034999931231,0.5
16,10,0,latest_no_guard,overloaded,9601,1200,1196,0.12457035725445266,0.6535351526993036,1.0750000000000384,0.10164061079803673,0.12427072758176096,0.25306060772341377,16,8385,0,0,0,0,,20,0.5127352999988943,0.515625
16,10,1,no_buffer,overloaded,9601,1200,1196,0.12457035725445266,28.465433983593865,56.86,0.875,0.5628995817033663,0.2058423685008344,1,0,0,0,423,0,,4,0.2848851000017021,0.28125
16,10,1,fifo,overloaded,9601,1200,1193,0.1242578898031455,28.518050695328125,50.18250000000001,1.0,0.8506247593304814,26.317857139853988,8401,0,0,0,0,0,,8408,0.2874434000113979,0.265625
16,10,1,ttl,overloaded,9601,1200,1194,0.12436204562024789,28.513659448282105,56.775,0.9998863842937648,0.8018046972377867,1.1863643633870682,161,0,8241,0,399,0,,166,0.29148990000248887,0.265625
16,10,1,latest,overloaded,9601,1200,1195,0.12446620143735028,0.6490359707323885,1.0724999999995362,0.0980730776222505,0.12347681307512233,0.24927217317291267,16,8385,0,0,0,0,,21,0.2801663999998709,0.28125
16,10,1,latest_no_guard,overloaded,9601,1200,1195,0.12446620143735028,0.6490359707323885,1.0724999999995362,0.0980730776222505,0.12347681307512233,0.24927217317291267,16,8385,0,0,0,0,,21,0.2882421999966027,0.28125
16,10,2,no_buffer,overloaded,9601,1200,1196,0.12457035725445266,28.466529239001975,56.86,0.875,0.563025793461945,0.21598045971689872,1,0,0,0,417,0,,4,0.2756114000076195,0.25
16,10,2,fifo,overloaded,9601,1200,1195,0.12446620143735028,28.517862093255772,50.18375,1.0,0.8504700607169962,26.360931129145147,8401,0,0,0,0,0,,8406,0.2842054999928223,0.296875
16,10,2,ttl,overloaded,9601,1200,1196,0.12457035725445266,28.51382532721321,56.775,0.9999204690056354,0.8019345792664603,1.186776668719491,161,0,8241,0,390,0,,164,0.2855913999956101,0.265625
16,10,2,latest,overloaded,9601,1200,1196,0.12457035725445266,0.6517991047080293,1.073750000000011,0.09901608798400291,0.1230161703070687,0.25164453359167505,16,8385,0,0,0,0,,20,0.2911389000073541,0.25
16,10,2,latest_no_guard,overloaded,9601,1200,1196,0.12457035725445266,0.6517991047080293,1.073750000000011,0.09901608798400291,0.1230161703070687,0.25164453359167505,16,8385,0,0,0,0,,20,0.28949150000698864,0.28125
16,10,3,no_buffer,overloaded,9601,1200,1194,0.12436204562024789,28.466514468960163,56.86,0.875,0.5630794712872084,0.2163746869953028,1,0,0,0,413,0,,6,0.28018810000503436,0.28125
16,10,3,fifo,overloaded,9601,1200,1195,0.12446620143735028,28.517616683330306,50.187500000000014,1.0,0.8505223291066304,26.35881755213853,8401,0,0,0,0,0,,8406,0.28345980000449345,0.265625
16,10,3,ttl,overloaded,9601,1200,1198,0.12477866888865743,28.512658493910173,56.775,0.9999091074350118,0.8016529643515736,1.176923729432048,161,0,8241,0,400,0,,162,0.28847919999680016,0.265625
16,10,3,latest,overloaded,9601,1200,1194,0.12436204562024789,0.6397831076165913,1.0637499999997218,0.0898245773495728,0.12160366097394842,0.23969087872548528,16,8385,0,0,0,0,,22,0.2839912000054028,0.265625
16,10,3,latest_no_guard,overloaded,9601,1200,1194,0.12436204562024789,0.6397831076165913,1.0637499999997218,0.0898245773495728,0.12160366097394842,0.23969087872548528,16,8385,0,0,0,0,,22,0.2843420999997761,0.265625
16,10,4,no_buffer,overloaded,9601,1200,1196,0.12457035725445266,28.465611224095593,56.86,0.875,0.5629193681602879,0.20956484687900415,1,0,0,0,417,0,,4,0.27362880000146106,0.203125
16,10,4,fifo,overloaded,9601,1200,1196,0.12457035725445266,28.517742796764228,50.18000000000001,1.0,0.8506881578091362,26.38203197452826,8401,0,0,0,0,0,,8405,0.2923616000043694,0.28125
16,10,4,ttl,overloaded,9601,1200,1195,0.12446620143735028,28.51359355117249,56.775,0.9998977458643883,0.8018325601731839,1.1853027232636648,161,0,8241,0,406,0,,165,0.3218226000026334,0.28125
16,10,4,latest,overloaded,9601,1200,1196,0.12457035725445266,0.6443095573530029,1.0675000000000328,0.0939715506271587,0.1227910467526274,0.24580746170048678,16,8385,0,0,0,0,,20,0.2959407000016654,0.28125
16,10,4,latest_no_guard,overloaded,9601,1200,1196,0.12457035725445266,0.6443095573530029,1.0675000000000328,0.0939715506271587,0.1227910467526274,0.24580746170048678,16,8385,0,0,0,0,,20,0.300646500007133,0.296875
16,10,5,no_buffer,overloaded,9601,1200,1197,0.12467451307155504,28.465588500954347,56.86,0.875,0.5629196047487033,0.2092195491668053,1,0,0,0,416,0,,3,0.28535720000218134,0.265625
16,10,5,fifo,overloaded,9601,1200,1197,0.12467451307155504,28.517825736229778,50.17375000000001,1.0,0.8506099101599706,26.405517206047463,8401,0,0,0,0,0,,8404,0.29067570000188425,0.28125
16,10,5,ttl,overloaded,9601,1200,1196,0.12457035725445266,28.5138105571714,56.775,0.9998863842937648,0.8018912584343361,1.1861465676867111,161,0,8241,0,400,0,,164,0.299827800001367,0.3125
16,10,5,latest,overloaded,9601,1200,1196,0.12457035725445266,0.6492177558623649,1.074999999999818,0.09914106526086167,0.12367840081931472,0.25029560429499387,16,8385,0,0,0,0,,20,0.30050859999028035,0.28125
16,10,5,latest_no_guard,overloaded,9601,1200,1196,0.12457035725445266,0.6492177558623649,1.074999999999818,0.09914106526086167,0.12367840081931472,0.25029560429499387,16,8385,0,0,0,0,,20,0.3012916000006953,0.25
16,10,6,no_buffer,overloaded,9601,1200,1195,0.12446620143735028,28.465135174286466,56.86,0.875,0.562795506556554,0.20144771140682124,1,0,0,0,388,0,,5,0.2815887000033399,0.28125
16,10,6,fifo,overloaded,9601,1200,1196,0.12457035725445266,28.518055239956375,50.17250000000001,1.0,0.8508019104690226,26.383800667604238,8401,0,0,0,0,0,,8405,0.2925897000095574,0.296875
16,10,6,ttl,overloaded,9601,1200,1197,0.12467451307155504,28.513386770587143,56.775,0.9998522995818943,0.8018390887653599,1.1832080864207681,161,0,8241,0,401,0,,163,0.29483430000254884,0.28125
16,10,6,latest,overloaded,9601,1200,1196,0.12457035725445266,0.6475362434100834,1.0712500000000187,0.09691419741865115,0.12274552201197013,0.24903608131134508,16,8385,0,0,0,0,,20,0.2943773000006331,0.265625
16,10,6,latest_no_guard,overloaded,9601,1200,1196,0.12457035725445266,0.6475362434100834,1.0712500000000187,0.09691419741865115,0.12274552201197013,0.24903608131134508,16,8385,0,0,0,0,,20,0.3004287000076147,0.25
16,10,7,no_buffer,overloaded,9601,1200,1195,0.12446620143735028,28.466759878885632,56.86,0.875,0.563170201993966,0.2175355978262043,1,0,0,0,397,0,,5,0.3000060000049416,0.296875
16,10,7,fifo,overloaded,9601,1200,1198,0.12477866888865743,28.517081553353936,50.18375000000001,1.0,0.8507669973199481,26.423582301031683,8401,0,0,0,0,0,,8403,0.3586677999992389,0.3125
16,10,7,ttl,overloaded,9601,1200,1194,0.12436204562024789,28.512924354662765,56.775,0.9999204690056354,0.801760166363517,1.1807095243317354,161,0,8241,0,394,0,,166,0.3861944999953266,0.359375
16,10,7,latest,overloaded,9601,1200,1195,0.12446620143735028,0.6506720369021759,1.0749999999997826,0.09931148882021451,0.12333605200125196,0.25134822113374644,16,8385,0,0,0,0,,21,0.351011999999173,0.3125
16,10,7,latest_no_guard,overloaded,9601,1200,1195,0.12446620143735028,0.6506720369021759,1.0749999999997826,0.09931148882021451,0.12333605200125196,0.25134822113374644,16,8385,0,0,0,0,,21,0.32216919999336824,0.28125
16,10,8,no_buffer,overloaded,9601,1200,1195,0.12446620143735028,28.46532036788763,56.86,0.875,0.5629376299051403,0.20336613265071168,1,0,0,0,398,0,,5,0.32088120000844356,0.296875
16,10,8,fifo,overloaded,9601,1200,1194,0.12436204562024789,28.5171701736048,50.17250000000001,1.0,0.8505278604866884,26.335548553071472,8401,0,0,0,0,0,,8407,0.32723119998991024,0.3125
16,10,8,ttl,overloaded,9601,1200,1197,0.12467451307155504,28.513387906744203,56.775,0.9998636611525177,0.8018176238904013,1.1835742569344088,161,0,8241,0,405,0,,163,0.3114988000015728,0.265625
16,10,8,latest,overloaded,9601,1200,1195,0.12446620143735028,0.6441913970185182,1.069999999999876,0.09493728413015816,0.12263671787877621,0.24305981076698163,16,8385,0,0,0,0,,21,0.3054294000030495,0.3125
16,10,8,latest_no_guard,overloaded,9601,1200,1195,0.12446620143735028,0.6441913970185182,1.069999999999876,0.09493728413015816,0.12263671787877621,0.24305981076698163,16,8385,0,0,0,0,,21,0.3048211999994237,0.296875
16,10,9,no_buffer,overloaded,9601,1200,1194,0.12436204562024789,28.465685074304645,56.86,0.875,0.5629081785333089,0.20666769341634952,1,0,0,0,378,0,,6,0.29237080000166316,0.28125
16,10,9,fifo,overloaded,9601,1200,1196,0.12457035725445266,28.517839370114526,50.17500000000001,1.0,0.8507459777026514,26.381522207606103,8401,0,0,0,0,0,,8405,0.3091202999930829,0.28125
16,10,9,ttl,overloaded,9601,1200,1195,0.12446620143735028,28.514280926195212,56.775,0.9999204690056354,0.8019563022456215,1.1876292755856388,161,0,8241,0,392,0,,165,0.3011785999988206,0.28125
16,10,9,latest,overloaded,9601,1200,1195,0.12446620143735028,0.6537351163422777,1.0762499999997033,0.10125431739683693,0.12403283743788346,0.2546464944828756,16,8385,0,0,0,0,,21,0.31432640001003165,0.3125
16,10,9,latest_no_guard,overloaded,9601,1200,1195,0.12446620143735028,0.6537351163422777,1.0762499999997033,0.10125431739683693,0.12403283743788346,0.2546464944828756,16,8385,0,0,0,0,,21,0.2974357999919448,0.296875
16,10,0,no_buffer,outage,9601,4501,4495,0.4681803978752213,13.54010953974266,52.67,0.535800309034721,0.3961898604621257,0.05573135238936695,1,0,0,0,0,0,,6,0.6190275999979349,0.625
16,10,0,fifo,outage,9601,5401,5392,0.5616081658160609,14.854789470096325,25.65499999999982,1.0,0.6218274666835524,13.99616933060618,4202,0,0,0,0,0,,4209,0.7637718000041787,0.703125
16,10,0,ttl,outage,9601,5401,5394,0.5618164774502656,8.13352174604604,37.17125,0.9990569896382476,0.5022738689292978,1.000738936278936,162,0,4042,0,0,0,,165,0.7589290000032634,0.71875
16,10,0,latest,outage,9601,5401,5395,0.561920633267368,2.23701770132685,12.508749999999988,0.25921423377567715,0.2795545777623876,0.09953228575027986,16,4192,0,0,0,0,0.17999999999999972,14,0.738131499994779,0.671875
16,10,0,latest_no_guard,outage,9601,5401,5395,0.561920633267368,2.23701770132685,12.508749999999988,0.25921423377567715,0.2795545777623876,0.09953228575027986,16,4192,0,0,0,0,0.17999999999999972,14,0.7005825999949593,0.6875
16,10,1,no_buffer,outage,9601,4501,4496,0.4682845536923237,13.53880068680683,52.67,0.5357207780403563,0.3960260942395236,0.0556370202827068,1,0,0,0,0,0,,5,0.3850172999955248,0.390625
16,10,1,fifo,outage,9601,5401,5394,0.5618164774502656,14.854891724231937,25.653749999999814,1.0,0.6218511951738502,14.001105873489813,4202,0,0,0,0,0,,4207,0.40756900000269525,0.40625
16,10,1,ttl,outage,9601,5401,5393,0.5617123216331632,8.133307012361254,37.17125,0.9991819669151063,0.5022115062838506,1.0003627235358141,162,0,4042,0,0,0,,166,0.43144240000401624,0.421875
16,10,1,latest,outage,9601,5401,5394,0.5618164774502656,2.234025063624614,12.501249999999981,0.25906653335757135,0.27916241261694286,0.09867866419511775,16,4192,0,0,0,0,0.17999999999999972,15,0.4298834000073839,0.421875
16,10,1,latest_no_guard,outage,9601,5401,5394,0.5618164774502656,2.234025063624614,12.501249999999981,0.25906653335757135,0.27916241261694286,0.09867866419511775,16,4192,0,0,0,0,0.17999999999999972,15,0.4147534999938216,0.421875
16,10,2,no_buffer,outage,9601,4501,4492,0.46786793042391417,13.541875127817557,52.67,0.5359139247409562,0.39629244431926414,0.05589550967832648,1,0,0,0,0,0,,9,0.37720819999231026,0.359375
16,10,2,fifo,outage,9601,5401,5394,0.5618164774502656,14.854714483730211,25.656249999999822,1.0,0.6217987690639861,14.000703823705663,4202,0,0,0,0,0,,4207,0.4249285999976564,0.4375
16,10,2,ttl,outage,9601,5401,5392,0.5616081658160609,8.133506976004227,37.17125,0.9990115433557535,0.5023720232617398,1.000785282394788,162,0,4042,0,0,0,,167,0.4202209000068251,0.421875
16,10,2,latest,outage,9601,5401,5393,0.5617123216331632,2.240135316305945,12.521249999999988,0.2594414651881476,0.2796748179448671,0.09902913249639758,16,4192,0,0,0,0,0.21999999999999886,16,0.41783599999325816,0.40625
16,10,2,latest_no_guard,outage,9601,5401,5393,0.5617123216331632,2.240135316305945,12.521249999999988,0.2594414651881476,0.2796748179448671,0.09902913249639758,16,4192,0,0,0,0,0.21999999999999886,16,0.43264329999510664,0.4375
16,10,3,no_buffer,outage,9601,4501,4496,0.4682845536923237,13.54014816908278,52.67,0.535800309034721,0.39622123320117775,0.0558597986640128,1,0,0,0,0,0,,5,0.3957388999988325,0.375
16,10,3,fifo,outage,9601,5401,5393,0.5617123216331632,14.854462256862368,25.653749999999814,1.0,0.6217890853240131,13.998045316948007,4202,0,0,0,0,0,,4208,0.40502160000323784,0.40625
16,10,3,ttl,outage,9601,5401,5395,0.561920633267368,8.136649586438695,37.17125,0.9993183057625886,0.5025566649854065,1.0007659407354486,162,0,4042,0,0,0,,164,0.41578489998937584,0.40625
16,10,3,latest,outage,9601,5401,5395,0.561920633267368,2.2345749636427925,12.502499999999987,0.2591006180694419,0.27930150400726045,0.09881179946957376,16,4192,0,0,0,0,0.20000000000000284,14,0.44106230000033975,0.390625
16,10,3,latest_no_guard,outage,9601,5401,5395,0.561920633267368,2.2345749636427925,12.502499999999987,0.2591006180694419,0.27930150400726045,0.09881179946957376,16,4192,0,0,0,0,0.20000000000000284,14,0.42975619999924675,0.390625
16,10,4,no_buffer,outage,9601,4501,4495,0.4681803978752213,13.54139907800843,52.67,0.5358571168878385,0.396337419977761,0.05664532705830376,1,0,0,0,0,0,,6,0.37278130000049714,0.328125
16,10,4,fifo,outage,9601,5401,5390,0.561399854181856,14.854474754590054,25.65374999999982,1.0,0.6217501932687579,13.991160763816701,4202,0,0,0,0,0,,4211,0.40170380000199657,0.40625
16,10,4,ttl,outage,9601,5401,5396,0.5620247890844704,8.138185670786994,37.17125,0.999238774768224,0.5026249469993509,1.0014689208128897,162,0,4042,0,0,0,,163,0.42639259999850765,0.421875
16,10,4,latest,outage,9601,5401,5394,0.5618164774502656,2.2375732821303402,12.511249999999986,0.25925968005817124,0.2795466968869102,0.0995344675196085,16,4192,0,0,0,0,0.17999999999999972,15,0.4496849999995902,0.453125
16,10,4,latest_no_guard,outage,9601,5401,5394,0.5618164774502656,2.2375732821303402,12.511249999999986,0.25925968005817124,0.2795466968869102,0.0995344675196085,16,4192,0,0,0,0,0.17999999999999972,15,0.4797815000056289,0.453125
16,10,5,no_buffer,outage,9601,4501,4495,0.4681803978752213,13.53974256101152,52.67,0.5357548627522268,0.3962230372988445,0.05645627703198528,1,0,0,0,0,0,,6,0.38836019999871496,0.359375
16,10,5,fifo,outage,9601,5401,5394,0.5618164774502656,14.855126908743845,25.65499999999982,1.0,0.6218976685366033,14.001388428362125,4202,0,0,0,0,0,,4207,0.4086152999952901,0.375
16,10,5,ttl,outage,9601,5401,5394,0.5618164774502656,8.131541424286358,37.17125,0.9992046900563534,0.5025008085313056,1.0012116932162936,162,0,4042,0,0,0,,165,0.40740009999717586,0.390625
16,10,5,latest,outage,9601,5401,5393,0.5617123216331632,2.2357133930192696,12.503749999999986,0.259123341210689,0.27945285172334805,0.09986650350223229,16,4192,0,0,0,0,0.21000000000000085,16,0.4130596000031801,0.40625
16,10,5,latest_no_guard,outage,9601,5401,5393,0.5617123216331632,2.2357133930192696,12.503749999999986,0.259123341210689,0.27945285172334805,0.09986650350223229,16,4192,0,0,0,0,0.21000000000000085,16,0.4075326999882236,0.390625
16,10,6,no_buffer,outage,9601,4501,4496,0.4682845536923237,13.539893669900813,52.67,0.5357889474640974,0.39625144555728115,0.05568348499549058,1,0,0,0,0,0,,5,0.3797631000052206,0.359375
16,10,6,fifo,outage,9601,5401,5395,0.561920633267368,14.854799695509886,25.659999999999812,1.0,0.6217365323968647,14.003063890363528,4202,0,0,0,0,0,,4206,0.4091130000015255,0.375
16,10,6,ttl,outage,9601,5401,5395,0.561920633267368,8.133251340665199,37.17125,0.9991933284857298,0.5023112809481639,1.0006562132021501,162,0,4042,0,0,0,,164,0.41678840000531636,0.421875
16,10,6,latest,outage,9601,5401,5393,0.5617123216331632,2.2357747455006365,12.506249999999987,0.25916878749318306,0.2793842029877474,0.09890647159550124,16,4192,0,0,0,0,0.17999999999999972,16,0.44532559999788646,0.40625
16,10,6,latest_no_guard,outage,9601,5401,5393,0.5617123216331632,2.2357747455006365,12.506249999999987,0.25916878749318306,0.2793842029877474,0.09890647159550124,16,4192,0,0,0,0,0.17999999999999972,16,0.42471029999433085,0.421875
16,10,7,no_buffer,outage,9601,4501,4492,0.46786793042391417,13.540234517019519,52.67,0.5358116706053445,0.3962975476614178,0.055803704948881344,1,0,0,0,0,0,,9,0.38974090000556316,0.359375
16,10,7,fifo,outage,9601,5401,5394,0.5618164774502656,14.854715619887273,25.652499999999822,1.0,0.6217690130523891,14.000789818088549,4202,0,0,0,0,0,,4207,0.40132920000178274,0.40625
16,10,7,ttl,outage,9601,5401,5396,0.5620247890844704,8.130717710416153,37.17125,0.9988865660788947,0.5022708349091087,1.0003599181768663,162,0,4042,0,0,0,,163,0.5090756999998121,0.453125
16,10,7,latest,outage,9601,5401,5393,0.5617123216331632,2.2364234911832397,12.509999999999991,0.2592369569169242,0.27948932700283685,0.09869792113126519,16,4192,0,0,0,0,0.17999999999999972,16,0.4144354000018211,0.40625
16,10,7,latest_no_guard,outage,9601,5401,5393,0.5617123216331632,2.2364234911832397,12.509999999999991,0.2592369569169242,0.27948932700283685,0.09869792113126519,16,4192,0,0,0,0,0.17999999999999972,16,0.4104803000082029,0.375
16,10,8,no_buffer,outage,9601,4501,4494,0.46807624205811893,13.539004058920991,52.67,0.5357548627522268,0.3960146302072869,0.054855180100184274,1,0,0,0,0,0,,7,0.3778942999924766,0.375
16,10,8,fifo,outage,9601,5401,5394,0.5618164774502656,14.854663356662405,25.65499999999982,1.0,0.6218019676231935,14.000434980916982,4202,0,0,0,0,0,,4207,0.3959612000035122,0.359375
16,10,8,ttl,outage,9601,5401,5393,0.5617123216331632,8.13135395837107,37.17125,0.9991706053444829,0.502347004668707,0.999694950622951,162,0,4042,0,0,0,,166,0.41087859999970533,0.40625
16,10,8,latest,outage,9601,5401,5395,0.561920633267368,2.2347703826575174,12.506249999999984,0.2591574259225595,0.27922612103575767,0.09779781861693768,16,4192,0,0,0,0,0.18999999999999773,14,0.41664029999810737,0.40625
16,10,8,latest_no_guard,outage,9601,5401,5395,0.561920633267368,2.2347703826575174,12.506249999999984,0.2591574259225595,0.27922612103575767,0.09779781861693768,16,4192,0,0,0,0,0.18999999999999773,14,0.4147616999980528,0.375
16,10,9,no_buffer,outage,9601,4501,4495,0.4681803978752213,13.537057821873182,52.67,0.5356071623341211,0.39601331335810164,0.0555166513879759,1,0,0,0,0,0,,6,0.37623390000953805,0.375
16,10,9,fifo,outage,9601,5401,5395,0.561920633267368,14.85452133702961,25.65749999999982,1.0,0.6217541797846128,14.00276864203196,4202,0,0,0,0,0,,4206,0.3971680999966338,0.375
16,10,9,ttl,outage,9601,5401,5395,0.561920633267368,8.134769246500502,37.17125,0.9991819669151063,0.5023578844192806,1.0008183423675536,162,0,4042,0,0,0,,164,0.4085093999892706,0.390625
16,10,9,latest,outage,9601,5401,5393,0.5617123216331632,2.2355611479729145,12.507499999999983,0.2591801490638066,0.2793243758094573,0.09856096912880573,16,4192,0,0,0,0,0.20000000000000284,16,0.44431320000148844,0.453125
16,10,9,latest_no_guard,outage,9601,5401,5393,0.5617123216331632,2.2355611479729145,12.507499999999983,0.2591801490638066,0.2793243758094573,0.09856096912880573,16,4192,0,0,0,0,0.20000000000000284,16,0.4194490000081714,0.375
